#RANK	ID	GENE_SYMBOL	ENTREZ_GENE_ID	MOI	P-VALUE	EXOMISER_GENE_COMBINED_SCORE	EXOMISER_GENE_PHENO_SCORE	EXOMISER_GENE_VARIANT_SCORE	HUMAN_PHENO_SCORE	MOUSE_PHENO_SCORE	FISH_PHENO_SCORE	WALKER_SCORE	PHIVE_ALL_SPECIES_SCORE	OMIM_SCORE	MATCHES_CANDIDATE_GENE	HUMAN_PHENO_EVIDENCE	MOUSE_PHENO_EVIDENCE	FISH_PHENO_EVIDENCE	HUMAN_PPI_EVIDENCE	MOUSE_PPI_EVIDENCE	FISH_PPI_EVIDENCE
1	TGFBR2_AD	TGFBR2	7048	AD	0.0000	0.9855	0.8136	0.9856	0.8136	0.5706	0.2224	0.5137	0.8136	1.0000	0	Familial thoracic aortic aneurysm and aortic dissection (ORPHA:91387): Patent ductus arteriosus (HP:0001643)-Patent ductus arteriosus (HP:0001643), Aortic root aneurysm (HP:0002616)-Aortic root aneurysm (HP:0002616), Genu valgum (HP:0002857)-Pes planus (HP:0001763), 	Patent ductus arteriosus (HP:0001643)-abnormal coronary artery morphology (MP:0004111), Aortic root aneurysm (HP:0002616)-aortic dissection (MP:0004044), Genu valgum (HP:0002857)-aortic dissection (MP:0004044), 	Patent ductus arteriosus (HP:0001643)-ventral wall of dorsal aorta decreased amount, abnormal (ZP:0018592), Aortic root aneurysm (HP:0002616)-ventral wall of dorsal aorta decreased amount, abnormal (ZP:0018592), 	Proximity to TGFBR3 associated with Familial cerebral saccular aneurysm (ORPHA:231160): Patent ductus arteriosus (HP:0001643)-Aortic dissection (HP:0002647), Aortic root aneurysm (HP:0002616)-Aortic root aneurysm (HP:0002616), 	Proximity to TGFBR3 Patent ductus arteriosus (HP:0001643)-muscular ventricular septal defect (MP:0010420), Aortic root aneurysm (HP:0002616)-muscular ventricular septal defect (MP:0010420), Genu valgum (HP:0002857)-abnormal femur morphology (MP:0000559), 	Proximity to TGFBR3 Patent ductus arteriosus (HP:0001643)-caudal vein plexus morphology, abnormal (ZP:0003348), Aortic root aneurysm (HP:0002616)-caudal vein plexus morphology, abnormal (ZP:0003348), Genu valgum (HP:0002857)-caudal fin curved, abnormal (ZP:0002408), 
2	TNNT2_AD	TNNT2	7139	AD	0.0010	0.9315	0.7020	0.9365	0.7020	0.3542	0.4151	0.5057	0.7020	1.0000	0	Cardiomyopathy, familial restrictive, 3 (OMIM:612422): Patent ductus arteriosus (HP:0001643)-Aortic aneurysm (HP:0004942), Aortic root aneurysm (HP:0002616)-Aortic aneurysm (HP:0004942), 	Patent ductus arteriosus (HP:0001643)-cardiac interstitial fibrosis (MP:0005608), Aortic root aneurysm (HP:0002616)-abnormal cardiovascular system physiology (MP:0001544), 	Patent ductus arteriosus (HP:0001643)-dorsal aorta structure, abnormal (ZP:0000715), Aortic root aneurysm (HP:0002616)-dorsal aorta structure, abnormal (ZP:0000715), Genu valgum (HP:0002857)-palatoquadrate arch decreased length, abnormal (ZP:0000732), 	Proximity to NEB associated with Typical nemaline myopathy (ORPHA:171436): Genu valgum (HP:0002857)-Genu valgum (HP:0002857), 	Proximity to NEB Genu valgum (HP:0002857)-kyphosis (MP:0000160), 	Proximity to NEB Patent ductus arteriosus (HP:0001643)-pericardium edematous, abnormal (ZP:0000038), Aortic root aneurysm (HP:0002616)-pericardium edematous, abnormal (ZP:0000038), 
3	TPP1_AD	TPP1	1200	AD	0.0056	0.7995	0.5279	1.0000	0.4539	0.0000	0.2861	0.5279	0.5279	1.0000	0	Late infantile neuronal ceroid lipofuscinosis (ORPHA:168491): Patent ductus arteriosus (HP:0001643)-Vascular granular osmiophilic material deposition (HP:0003657), Aortic root aneurysm (HP:0002616)-Vascular granular osmiophilic material deposition (HP:0003657), Genu valgum (HP:0002857)-Astigmatism (HP:0000483), 		Patent ductus arteriosus (HP:0001643)-pericardium edematous, abnormal (ZP:0000038), Aortic root aneurysm (HP:0002616)-pericardium edematous, abnormal (ZP:0000038), Genu valgum (HP:0002857)-trunk curved, abnormal (ZP:0002347), 	Proximity to CTC1 associated with Cerebroretinal microangiopathy with calcifications and cysts (OMIM:612199): Patent ductus arteriosus (HP:0001643)-Gastrointestinal telangiectasia (HP:0002604), Aortic root aneurysm (HP:0002616)-Gastrointestinal telangiectasia (HP:0002604), Genu valgum (HP:0002857)-Genu valgum (HP:0002857), 	Proximity to CTC1 Genu valgum (HP:0002857)-abnormal bone marrow cell morphology/development (MP:0002398), 	
4	THSD4_AD	THSD4	79875	AD	0.0062	0.7840	0.8348	0.6425	0.8348	0.5570	0.0000	0.0000	0.8348	1.0000	0	Aortic aneurysm, familial thoracic 12 (OMIM:619825): Patent ductus arteriosus (HP:0001643)-Ascending aortic dissection (HP:0004933), Aortic root aneurysm (HP:0002616)-Aortic root aneurysm (HP:0002616), Genu valgum (HP:0002857)-Arthritis (HP:0001369), 	Patent ductus arteriosus (HP:0001643)-descending aorta dilation (MP:0010473), Aortic root aneurysm (HP:0002616)-descending aorta dilation (MP:0010473), 				
5	AK4_AD	AK4	205	AD	0.0085	0.7519	0.5042	0.9969	0.0000	0.2038	0.0000	0.5042	0.5042	1.0000	0		Genu valgum (HP:0002857)-increased bone mineral content (MP:0010123), 		Proximity to ADK associated with Hypermethioninemia due to adenosine kinase deficiency (OMIM:614300): Patent ductus arteriosus (HP:0001643)-Coarctation of aorta (HP:0001680), Aortic root aneurysm (HP:0002616)-Coarctation of aorta (HP:0001680), Genu valgum (HP:0002857)-Narrow foot (HP:0001786), 	Proximity to ADK Genu valgum (HP:0002857)-abnormal spine curvature (MP:0004174), 	
6	HLA-DQB1_AD	HLA-DQB1	3119	AD	0.0090	0.7490	0.5000	1.0000	0.2679	0.4157	0.0000	0.5000	0.5000	1.0000	0	Narcolepsy type 1 (ORPHA:2073): Patent ductus arteriosus (HP:0001643)-Hypertension (HP:0000822), Aortic root aneurysm (HP:0002616)-Hypertension (HP:0000822), 	Patent ductus arteriosus (HP:0001643)-abnormal artery development (MP:0003410), Aortic root aneurysm (HP:0002616)-abnormal artery development (MP:0003410), 		Proximity to CUX1 associated with Global developmental delay with or without impaired intellectual development (OMIM:618330): Patent ductus arteriosus (HP:0001643)-Patent ductus arteriosus (HP:0001643), Aortic root aneurysm (HP:0002616)-Patent ductus arteriosus (HP:0001643), Genu valgum (HP:0002857)-Pectus excavatum (HP:0000767), 	Proximity to CUX1 Genu valgum (HP:0002857)-curly vibrissae (MP:0001274), 	
6	HLA-DQB1_AR	HLA-DQB1	3119	AR	0.0090	0.7490	0.5000	1.0000	0.2679	0.4157	0.0000	0.5000	0.5000	1.0000	0	Narcolepsy type 1 (ORPHA:2073): Patent ductus arteriosus (HP:0001643)-Hypertension (HP:0000822), Aortic root aneurysm (HP:0002616)-Hypertension (HP:0000822), 	Patent ductus arteriosus (HP:0001643)-abnormal artery development (MP:0003410), Aortic root aneurysm (HP:0002616)-abnormal artery development (MP:0003410), 		Proximity to CUX1 associated with Global developmental delay with or without impaired intellectual development (OMIM:618330): Patent ductus arteriosus (HP:0001643)-Patent ductus arteriosus (HP:0001643), Aortic root aneurysm (HP:0002616)-Patent ductus arteriosus (HP:0001643), Genu valgum (HP:0002857)-Pectus excavatum (HP:0000767), 	Proximity to CUX1 Genu valgum (HP:0002857)-curly vibrissae (MP:0001274), 	
6	PCDHA4_AR	PCDHA4	56144	AR	0.0091	0.7490	0.5000	1.0000	0.0000	0.0000	0.0000	0.5000	0.5000	1.0000	0				Proximity to PTPN22 associated with Giant cell arteritis (ORPHA:397): Patent ductus arteriosus (HP:0001643)-Double outlet right ventricle with subpulmonary ventricular septal defect without pulmonary stenosis (HP:0011658), Aortic root aneurysm (HP:0002616)-Abdominal aortic aneurysm (HP:0005112), Genu valgum (HP:0002857)-Arthritis (HP:0001369), 	Proximity to PTPN22 Patent ductus arteriosus (HP:0001643)-vascular inflammation (MP:0001864), Aortic root aneurysm (HP:0002616)-vascular inflammation (MP:0001864), Genu valgum (HP:0002857)-abnormal T cell differentiation (MP:0002145), 	
9	ASAH2B_AR	ASAH2B	653308	AR	0.0091	0.7489	0.5000	1.0000	0.0000	0.0000	0.0000	0.5000	0.5000	1.0000	0				Proximity to GDF1 associated with Congenital heart defects, multiple types, 6 (OMIM:613854): Patent ductus arteriosus (HP:0001643)-Transposition of the great arteries (HP:0001669), Aortic root aneurysm (HP:0002616)-Coarctation of aorta (HP:0001680), Genu valgum (HP:0002857)-Single ventricle (HP:0001750), 	Proximity to GDF1 Patent ductus arteriosus (HP:0001643)-ventricular septal defect (MP:0010402), Aortic root aneurysm (HP:0002616)-abnormal vena cava morphology (MP:0006062), Genu valgum (HP:0002857)-annular pancreas (MP:0006261), 	
9	TRIM64B_AD	TRIM64B	642446	AD	0.0091	0.7489	0.5000	1.0000	0.0000	0.0000	0.0000	0.5000	0.5000	1.0000	0				Proximity to SCN2A associated with Malignant migrating focal seizures of infancy (ORPHA:293181): Patent ductus arteriosus (HP:0001643)-Aortopulmonary collateral arteries (HP:0031834), Aortic root aneurysm (HP:0002616)-Aortopulmonary collateral arteries (HP:0031834), 		
11	ECHDC2_AD	ECHDC2	55268	AD	0.0092	0.7486	0.5001	0.9997	0.0000	0.0000	0.0000	0.5001	0.5001	1.0000	0				Proximity to SUCLG1 associated with Fatal infantile lactic acidosis with methylmalonic aciduria (ORPHA:17): Patent ductus arteriosus (HP:0001643)-Patent ductus arteriosus (HP:0001643), Aortic root aneurysm (HP:0002616)-Coarctation of aorta (HP:0001680), Genu valgum (HP:0002857)-Short femur (HP:0003097), 		
12	L3HYPDH_AD	L3HYPDH	112849	AD	0.0098	0.7472	0.5000	0.9990	0.0000	0.0000	0.0000	0.5000	0.5000	1.0000	0				Proximity to GLYCTK associated with D-glyceric aciduria (OMIM:220120): Patent ductus arteriosus (HP:0001643)-Patent ductus arteriosus (HP:0001643), Aortic root aneurysm (HP:0002616)-Patent ductus arteriosus (HP:0001643), Genu valgum (HP:0002857)-Single transverse palmar crease (HP:0000954), 		
13	CTSB_AD	CTSB	1508	AD	0.0099	0.7470	0.5026	0.9959	0.3052	0.0000	0.1949	0.5026	0.5026	1.0000	0	Keratolytic winter erythema (OMIM:148370): Patent ductus arteriosus (HP:0001643)-Erythema (HP:0010783), Aortic root aneurysm (HP:0002616)-Erythema (HP:0010783), Genu valgum (HP:0002857)-Palmoplantar hyperhidrosis (HP:0007410), 		Genu valgum (HP:0002857)-notochord spatial pattern, abnormal (ZP:0018977), 	Proximity to COL18A1 associated with Knobloch syndrome (ORPHA:1571): Patent ductus arteriosus (HP:0001643)-Patent ductus arteriosus (HP:0001643), Aortic root aneurysm (HP:0002616)-Patent ductus arteriosus (HP:0001643), Genu valgum (HP:0002857)-Depressed nasal bridge (HP:0005280), 	Proximity to COL18A1 Patent ductus arteriosus (HP:0001643)-abnormal choroid plexus morphology (MP:0000820), Aortic root aneurysm (HP:0002616)-abnormal choroid plexus morphology (MP:0000820), Genu valgum (HP:0002857)-enlarged cranium (MP:0000439), 	
14	NEB_AR	NEB	4703	AR	0.0116	0.7426	0.6735	0.8000	0.6735	0.1851	0.2197	0.5375	0.6735	1.0000	0	Typical nemaline myopathy (ORPHA:171436): Genu valgum (HP:0002857)-Genu valgum (HP:0002857), 	Genu valgum (HP:0002857)-kyphosis (MP:0000160), 	Patent ductus arteriosus (HP:0001643)-pericardium edematous, abnormal (ZP:0000038), Aortic root aneurysm (HP:0002616)-pericardium edematous, abnormal (ZP:0000038), 	Proximity to MYPN associated with Cap myopathy (ORPHA:171881): Patent ductus arteriosus (HP:0001643)-Aortic root aneurysm (HP:0002616), Aortic root aneurysm (HP:0002616)-Aortic root aneurysm (HP:0002616), Genu valgum (HP:0002857)-Pes planus (HP:0001763), 	Proximity to MYPN Patent ductus arteriosus (HP:0001643)-cardiac interstitial fibrosis (MP:0005608), Aortic root aneurysm (HP:0002616)-cardiac interstitial fibrosis (MP:0005608), 	
15	EPB41L2_AD	EPB41L2	2037	AD	0.0694	0.5760	0.5005	0.9138	0.0000	0.0000	0.0000	0.5005	0.5005	1.0000	0				Proximity to CADM3 associated with Charcot-Marie-Tooth disease, axonal, type 2FF (OMIM:619519): Patent ductus arteriosus (HP:0001643)-Patent ductus arteriosus (HP:0001643), Aortic root aneurysm (HP:0002616)-Patent ductus arteriosus (HP:0001643), Genu valgum (HP:0002857)-Pes planus (HP:0001763), 		
16	COL4A2_AD	COL4A2	1284	AD	0.0829	0.5335	0.5057	0.8892	0.3266	0.5009	0.0000	0.5057	0.5057	1.0000	0	Brain small vessel disease 2 (OMIM:614483): Patent ductus arteriosus (HP:0001643)-Intracranial hemorrhage (HP:0002170), Aortic root aneurysm (HP:0002616)-Intracranial hemorrhage (HP:0002170), 	Patent ductus arteriosus (HP:0001643)-muscular ventricular septal defect (MP:0010420), Aortic root aneurysm (HP:0002616)-abnormal inferior vena cava morphology (MP:0006063), Genu valgum (HP:0002857)-fusion of vertebral arches (MP:0004613), 		Proximity to COL10A1 associated with Metaphyseal chondrodysplasia, Schmid type (OMIM:156500): Genu valgum (HP:0002857)-Genu valgum (HP:0002857), 	Proximity to COL10A1 Genu valgum (HP:0002857)-short femur (MP:0003109), 	
17	ABCB10_AD	ABCB10	23456	AD	0.1044	0.4639	0.5001	0.8652	0.0000	0.3108	0.0000	0.5001	0.5001	1.0000	0		Patent ductus arteriosus (HP:0001643)-increased systemic arterial diastolic blood pressure (MP:0006143), Aortic root aneurysm (HP:0002616)-increased systemic arterial diastolic blood pressure (MP:0006143), 		Proximity to ZBTB20 associated with Primrose syndrome (OMIM:259050): Genu valgum (HP:0002857)-Genu valgum (HP:0002857), 	Proximity to ZBTB20 Patent ductus arteriosus (HP:0001643)-eye hemorrhage (MP:0006203), Aortic root aneurysm (HP:0002616)-eye hemorrhage (MP:0006203), 	
18	ALK_AD	ALK	238	AD	0.1103	0.4447	0.5050	0.8512	0.2926	0.2815	0.2502	0.5050	0.5050	1.0000	0	Neuroblastoma (ORPHA:635): Patent ductus arteriosus (HP:0001643)-Lymphadenopathy (HP:0002716), Aortic root aneurysm (HP:0002616)-Lymphadenopathy (HP:0002716), Genu valgum (HP:0002857)-Horner syndrome (HP:0002277), 	Genu valgum (HP:0002857)-abnormal long bone diaphysis morphology (MP:0004214), 	Patent ductus arteriosus (HP:0001643)-iridophore spatial pattern, abnormal (ZP:0004997), Aortic root aneurysm (HP:0002616)-iridophore spatial pattern, abnormal (ZP:0004997), Genu valgum (HP:0002857)-melanocyte scale increased amount, abnormal (ZP:0019972), 	Proximity to CRIPTO associated with Septopreoptic holoprosencephaly (ORPHA:280195): Patent ductus arteriosus (HP:0001643)-Coarctation of aorta (HP:0001680), Aortic root aneurysm (HP:0002616)-Coarctation of aorta (HP:0001680), 	Proximity to TDGF1 Patent ductus arteriosus (HP:0001643)-absent vitelline blood vessels (MP:0001719), Aortic root aneurysm (HP:0002616)-absent vitelline blood vessels (MP:0001719), 	Proximity to CRIPTO Patent ductus arteriosus (HP:0001643)-heart tube bilateral symmetry, abnormal (ZP:0004552), Aortic root aneurysm (HP:0002616)-heart tube bilateral symmetry, abnormal (ZP:0004552), Genu valgum (HP:0002857)-notochord curved ventral, abnormal (ZP:0000628), 
19	KDM6B_AD	KDM6B	23135	AD	0.1135	0.4348	0.5021	0.8500	0.2986	0.3719	0.0000	0.5021	0.5021	1.0000	0	Stolerman neurodevelopmental syndrome (OMIM:618505): Patent ductus arteriosus (HP:0001643)-Hemangioma (HP:0001028), Aortic root aneurysm (HP:0002616)-Hemangioma (HP:0001028), Genu valgum (HP:0002857)-Syndactyly (HP:0001159), 	Genu valgum (HP:0002857)-short humerus (MP:0004351), 		Proximity to EHMT1 associated with Kleefstra syndrome due to 9q34 microdeletion (ORPHA:96147): Patent ductus arteriosus (HP:0001643)-Conotruncal defect (HP:0001710), Aortic root aneurysm (HP:0002616)-Coarctation of aorta (HP:0001680), Genu valgum (HP:0002857)-Flat occiput (HP:0005469), 	Proximity to EHMT1 Genu valgum (HP:0002857)-abnormal metopic suture morphology (MP:0003842), 	
20	ABCB6_AD	ABCB6	10058	AD	0.1152	0.4294	0.5119	0.8365	0.3116	0.0000	0.0000	0.5119	0.5119	1.0000	0	Microphthalmia, isolated, with coloboma 7 (OMIM:614497): Patent ductus arteriosus (HP:0001643)-Inferior chorioretinal coloboma (HP:0031613), Aortic root aneurysm (HP:0002616)-Inferior chorioretinal coloboma (HP:0031613), 			Proximity to ABCD4 associated with Methylmalonic aciduria and homocystinuria, cblJ type (OMIM:614857): Patent ductus arteriosus (HP:0001643)-Patent ductus arteriosus (HP:0001643), Aortic root aneurysm (HP:0002616)-Coarctation of aorta (HP:0001680), 		
21	SECISBP2L_AD	SECISBP2L	9728	AD	0.1198	0.4153	0.5000	0.8438	0.0000	0.3577	0.0000	0.5000	0.5000	1.0000	0		Patent ductus arteriosus (HP:0001643)-increased heart rate (MP:0002626), Aortic root aneurysm (HP:0002616)-increased heart rate (MP:0002626), Genu valgum (HP:0002857)-abnormal hindlimb morphology (MP:0000556), 		Proximity to ARFGEF2 associated with Periventricular nodular heterotopia (ORPHA:98892): Patent ductus arteriosus (HP:0001643)-Patent ductus arteriosus (HP:0001643), Aortic root aneurysm (HP:0002616)-Aortic aneurysm (HP:0004942), Genu valgum (HP:0002857)-Patellar dislocation (HP:0002999), 		Proximity to ARFGEF2 Patent ductus arteriosus (HP:0001643)-intersegmental vessel incomplete structure, abnormal (ZP:0020299), Aortic root aneurysm (HP:0002616)-intersegmental vessel incomplete structure, abnormal (ZP:0020299), 
22	ADGRV1_AD	ADGRV1	84059	AD	0.1207	0.4126	0.5000	0.8425	0.4622	0.4187	0.0000	0.5000	0.5000	1.0000	0	Generalized epilepsy with febrile seizures-plus (ORPHA:36387): Genu valgum (HP:0002857)-Tibial torsion (HP:0100694), 	Genu valgum (HP:0002857)-short tibia (MP:0002764), 		Proximity to HS2ST1 associated with Neurofacioskeletal syndrome with or without renal agenesis (OMIM:619194): Patent ductus arteriosus (HP:0001643)-Capillary hemangioma (HP:0005306), Aortic root aneurysm (HP:0002616)-Capillary hemangioma (HP:0005306), Genu valgum (HP:0002857)-Genu valgum (HP:0002857), 	Proximity to HS2ST1 Genu valgum (HP:0002857)-cervical vertebral fusion (MP:0004620), 	
23	CERT1_AD	CERT1	10087	AD	0.1296	0.3856	0.4902	0.8414	0.2889	0.4902	0.0000	0.0000	0.4902	1.0000	0	Intellectual developmental disorder, autosomal dominant 34 (OMIM:616351): Genu valgum (HP:0002857)-Short foot (HP:0001773), 	Patent ductus arteriosus (HP:0001643)-muscular ventricular septal defect (MP:0010420), Aortic root aneurysm (HP:0002616)-persistent trigeminal artery (MP:0020500), Genu valgum (HP:0002857)-absent tibia (MP:0002728), 				
24	PAPSS1_AD	PAPSS1	9061	AD	0.1331	0.3753	0.5255	0.7966	0.0000	0.0000	0.0000	0.5255	0.5255	1.0000	0				Proximity to KCNN3 associated with Zimmermann-Laband syndrome 3 (OMIM:618658): Patent ductus arteriosus (HP:0001643)-Patent ductus arteriosus (HP:0001643), Aortic root aneurysm (HP:0002616)-Patent ductus arteriosus (HP:0001643), Genu valgum (HP:0002857)-Long hallux (HP:0001847), 		
25	PHF11_AD	PHF11	51131	AD	0.1383	0.3601	0.5015	0.8167	0.0000	0.1394	0.0000	0.5015	0.5015	1.0000	0		Genu valgum (HP:0002857)-increased basophil cell number (MP:0002606), 		Proximity to SMARCB1 associated with Coffin-Siris syndrome (ORPHA:1465): Patent ductus arteriosus (HP:0001643)-Patent ductus arteriosus (HP:0001643), Aortic root aneurysm (HP:0002616)-Patent ductus arteriosus (HP:0001643), Genu valgum (HP:0002857)-Hypoplastic fifth toenail (HP:0011937), 		
26	SRA1_AR	SRA1	10011	AR	0.1399	0.3556	0.5143	0.8000	0.0000	0.2136	0.3185	0.5143	0.5143	1.0000	0		Genu valgum (HP:0002857)-abnormal bone structure (MP:0003795), 	Patent ductus arteriosus (HP:0001643)-cardiac ventricle increased size, abnormal (ZP:0001207), Aortic root aneurysm (HP:0002616)-pericardium edematous, abnormal (ZP:0000038), 	Proximity to AGGF1 associated with Klippel-Trénaunay syndrome (ORPHA:90308): Patent ductus arteriosus (HP:0001643)-Patent ductus arteriosus (HP:0001643), Aortic root aneurysm (HP:0002616)-Patent ductus arteriosus (HP:0001643), Genu valgum (HP:0002857)-Lower limb asymmetry (HP:0100559), 	Proximity to AGGF1 Patent ductus arteriosus (HP:0001643)-abnormal vascular development (MP:0000259), Aortic root aneurysm (HP:0002616)-abnormal vascular development (MP:0000259), 	Proximity to AGGF1 Patent ductus arteriosus (HP:0001643)-intersegmental vessel morphology, abnormal (ZP:0001301), Aortic root aneurysm (HP:0002616)-intersegmental vessel morphology, abnormal (ZP:0001301), 
27	ATP11B_AD	ATP11B	23200	AD	0.1438	0.3442	0.5000	0.8108	0.0000	0.0000	0.0000	0.5000	0.5000	1.0000	0					Proximity to RBPMS Patent ductus arteriosus (HP:0001643)-patent ductus arteriosus (MP:0003139), Aortic root aneurysm (HP:0002616)-patent ductus arteriosus (MP:0003139), 	
28	IFITM5_AD	IFITM5	387733	AD	0.1438	0.3441	0.5780	0.7225	0.3221	0.5780	0.0000	0.5000	0.5780	1.0000	0	Osteogenesis imperfecta, type V (OMIM:610967): Genu valgum (HP:0002857)-Pes planus (HP:0001763), 	Genu valgum (HP:0002857)-bowed tibia (MP:0004358), 		Proximity to EIF2AK3 associated with Wolcott-Rallison syndrome (OMIM:226980): Genu valgum (HP:0002857)-Genu valgum (HP:0002857), 	Proximity to EIF2AK3 Genu valgum (HP:0002857)-abnormal hindlimb morphology (MP:0000556), 	
29	PRAMEF33_AR	PRAMEF33	645382	AR	0.1445	0.3419	0.3319	1.0000	0.0000	0.3319	0.0000	0.0000	0.3319	1.0000	0		Patent ductus arteriosus (HP:0001643)-small heart (MP:0002188), Aortic root aneurysm (HP:0002616)-small heart (MP:0002188), 				
30	NEO1_AD	NEO1	4756	AD	0.1478	0.3327	0.5055	0.7989	0.0000	0.0000	0.2872	0.5055	0.5055	1.0000	0			Patent ductus arteriosus (HP:0001643)-pericardium edematous, abnormal (ZP:0000038), Aortic root aneurysm (HP:0002616)-pericardium edematous, abnormal (ZP:0000038), Genu valgum (HP:0002857)-post-vent region increased curvature, abnormal (ZP:0001091), 	Proximity to CDON associated with Septopreoptic holoprosencephaly (ORPHA:280195): Patent ductus arteriosus (HP:0001643)-Coarctation of aorta (HP:0001680), Aortic root aneurysm (HP:0002616)-Coarctation of aorta (HP:0001680), 	Proximity to CDON Patent ductus arteriosus (HP:0001643)-abnormal blood vessel morphology (MP:0001614), Aortic root aneurysm (HP:0002616)-abnormal blood vessel morphology (MP:0001614), Genu valgum (HP:0002857)-domed cranium (MP:0000440), 	Proximity to CDON Patent ductus arteriosus (HP:0001643)-optic fissure closure incomplete, abnormal (ZP:0000190), 
31	POTEF_AR	POTEF	728378	AR	0.1494	0.3286	0.5028	0.8000	0.0000	0.0000	0.0000	0.5028	0.5028	1.0000	0				Proximity to CFL2 associated with Typical nemaline myopathy (ORPHA:171436): Genu valgum (HP:0002857)-Genu valgum (HP:0002857), 		
32	LTBP3_AD	LTBP3	4054	AD	0.1494	0.3285	0.5113	0.7904	0.3701	0.3770	0.3509	0.5113	0.5113	1.0000	0	Dental anomalies and short stature (OMIM:601216): Patent ductus arteriosus (HP:0001643)-Mitral valve prolapse (HP:0001634), Aortic root aneurysm (HP:0002616)-Mitral valve prolapse (HP:0001634), Genu valgum (HP:0002857)-Intervertebral space narrowing (HP:0002945), 	Genu valgum (HP:0002857)-domed cranium (MP:0000440), 	Patent ductus arteriosus (HP:0001643)-bulbus arteriosus lacks all parts of type smooth muscle myoblast, abnormal (ZP:0008250), Aortic root aneurysm (HP:0002616)-pharyngeal vasculature malformed, abnormal (ZP:0008255), 	Proximity to LTBP1 associated with Autosomal recessive cutis laxa type 1 (ORPHA:90349): Patent ductus arteriosus (HP:0001643)-Peripheral pulmonary artery stenosis (HP:0004969), Aortic root aneurysm (HP:0002616)-Vascular dilatation (HP:0002617), Genu valgum (HP:0002857)-Hip dislocation (HP:0002827), 	Proximity to LTBP1 Patent ductus arteriosus (HP:0001643)-abnormal coronary artery morphology (MP:0004111), Aortic root aneurysm (HP:0002616)-right aortic arch (MP:0004158), 	
33	BMP8A_AD	BMP8A	353500	AD	0.1499	0.3270	0.5021	0.8000	0.0000	0.0000	0.0000	0.5021	0.5021	1.0000	0				Proximity to BMPR1A associated with Juvenile polyposis of infancy (ORPHA:79076): Patent ductus arteriosus (HP:0001643)-Patent ductus arteriosus (HP:0001643), Aortic root aneurysm (HP:0002616)-Patent ductus arteriosus (HP:0001643), Genu valgum (HP:0002857)-Broad phalanx of the toes (HP:0010174), 		Proximity to BMPR1A Patent ductus arteriosus (HP:0001643)-heart tube morphology, abnormal (ZP:0000454), Aortic root aneurysm (HP:0002616)-heart tube morphology, abnormal (ZP:0000454), 
34	NID1_AD	NID1	4811	AD	0.1509	0.3245	0.5023	0.7986	0.0000	0.3682	0.0000	0.5023	0.5023	1.0000	0		Patent ductus arteriosus (HP:0001643)-abnormal capillary morphology (MP:0003658), Aortic root aneurysm (HP:0002616)-abnormal capillary morphology (MP:0003658), 		Proximity to COL5A1 associated with Ehlers-Danlos syndrome, classic type, 1 (OMIM:130000): Patent ductus arteriosus (HP:0001643)-Aortic root aneurysm (HP:0002616), Aortic root aneurysm (HP:0002616)-Aortic root aneurysm (HP:0002616), Genu valgum (HP:0002857)-Hyperextensibility of the knee (HP:0010500), 	Proximity to COL5A1 Patent ductus arteriosus (HP:0001643)-abnormal aorta morphology (MP:0000272), Aortic root aneurysm (HP:0002616)-abnormal aorta morphology (MP:0000272), 	
35	KRR1_AD	KRR1	11103	AD	0.1512	0.3239	0.5008	0.8000	0.0000	0.0000	0.0000	0.5008	0.5008	1.0000	0				Proximity to HNRNPK associated with Au-Kline syndrome (OMIM:616580): Patent ductus arteriosus (HP:0001643)-Aortic root aneurysm (HP:0002616), Aortic root aneurysm (HP:0002616)-Aortic root aneurysm (HP:0002616), Genu valgum (HP:0002857)-Coxa valga (HP:0002673), 		
36	ALPG_AD	ALPG	251	AD	0.1513	0.3236	0.5006	0.8000	0.0000	0.0000	0.0000	0.5006	0.5006	1.0000	0				Proximity to HACD1 associated with Congenital myopathy 11 (OMIM:619967): Patent ductus arteriosus (HP:0001643)-Patent ductus arteriosus (HP:0001643), Aortic root aneurysm (HP:0002616)-Patent ductus arteriosus (HP:0001643), 	Proximity to HACD1 Patent ductus arteriosus (HP:0001643)-abnormal blood vessel morphology (MP:0001614), Aortic root aneurysm (HP:0002616)-abnormal blood vessel morphology (MP:0001614), 	
36	ALPG_AR	ALPG	251	AR	0.1513	0.3236	0.5006	0.8000	0.0000	0.0000	0.0000	0.5006	0.5006	1.0000	0				Proximity to HACD1 associated with Congenital myopathy 11 (OMIM:619967): Patent ductus arteriosus (HP:0001643)-Patent ductus arteriosus (HP:0001643), Aortic root aneurysm (HP:0002616)-Patent ductus arteriosus (HP:0001643), 	Proximity to HACD1 Patent ductus arteriosus (HP:0001643)-abnormal blood vessel morphology (MP:0001614), Aortic root aneurysm (HP:0002616)-abnormal blood vessel morphology (MP:0001614), 	
38	RFPL4A_AD	RFPL4A	342931	AD	0.1518	0.3222	0.5000	0.8000	0.0000	0.0000	0.0000	0.5000	0.5000	1.0000	0				Proximity to CYP19A1 associated with Aromatase deficiency (ORPHA:91): Genu valgum (HP:0002857)-Genu valgum (HP:0002857), 	Proximity to CYP19A1 Patent ductus arteriosus (HP:0001643)-abnormal systemic arterial blood pressure (MP:0000230), Aortic root aneurysm (HP:0002616)-abnormal systemic arterial blood pressure (MP:0000230), Genu valgum (HP:0002857)-increased bone marrow cell number (MP:0000321), 	Proximity to CYP19A1 Patent ductus arteriosus (HP:0001643)-pericardium edematous, abnormal (ZP:0000038), Aortic root aneurysm (HP:0002616)-pericardium edematous, abnormal (ZP:0000038), 
38	CDK11A_AD	CDK11A	728642	AD	0.1518	0.3222	0.5000	0.8000	0.0000	0.0000	0.0000	0.5000	0.5000	1.0000	0				Proximity to CDK8 associated with Intellectual developmental disorder with hypotonia and behavioral abnormalities (OMIM:618748): Patent ductus arteriosus (HP:0001643)-Coarctation of aorta (HP:0001680), Aortic root aneurysm (HP:0002616)-Coarctation of aorta (HP:0001680), Genu valgum (HP:0002857)-Ptosis (HP:0000508), 	Proximity to CDK8 Patent ductus arteriosus (HP:0001643)-abnormal heart morphology (MP:0000266), Aortic root aneurysm (HP:0002616)-abnormal heart morphology (MP:0000266), 	
38	SPRR2B_AD	SPRR2B	6701	AD	0.1518	0.3222	0.5000	0.8000	0.0000	0.0000	0.0000	0.5000	0.5000	1.0000	0				Proximity to SEC61A1 associated with Tubulointerstitial kidney disease, autosomal dominant, 5 (OMIM:617056): Patent ductus arteriosus (HP:0001643)-Vascular dilatation (HP:0002617), Aortic root aneurysm (HP:0002616)-Vascular dilatation (HP:0002617), Genu valgum (HP:0002857)-Gout (HP:0001997), 		Proximity to SEC61A1 Patent ductus arteriosus (HP:0001643)-pericardium edematous, abnormal (ZP:0000038), Aortic root aneurysm (HP:0002616)-pericardium edematous, abnormal (ZP:0000038), Genu valgum (HP:0002857)-trunk curved dorsal, abnormal (ZP:0001254), 
38	SPRN_AR	SPRN	503542	AR	0.1518	0.3222	0.5000	0.8000	0.0000	0.0000	0.0000	0.5000	0.5000	1.0000	0				Proximity to DOHH associated with Neurodevelopmental disorder with microcephaly, cerebral atrophy, and visual impairment (OMIM:620066): Patent ductus arteriosus (HP:0001643)-Coarctation of aorta (HP:0001680), Aortic root aneurysm (HP:0002616)-Coarctation of aorta (HP:0001680), Genu valgum (HP:0002857)-Bicuspid aortic valve (HP:0001647), 		
42	DSCAM_AD	DSCAM	1826	AD	0.1539	0.3166	0.5001	0.7971	0.0000	0.3709	0.0000	0.5001	0.5001	1.0000	0		Genu valgum (HP:0002857)-domed cranium (MP:0000440), 		Proximity to MAPKAPK5 associated with Neurocardiofaciodigital syndrome (OMIM:619869): Patent ductus arteriosus (HP:0001643)-Patent ductus arteriosus (HP:0001643), Aortic root aneurysm (HP:0002616)-Patent ductus arteriosus (HP:0001643), Genu valgum (HP:0002857)-Syndactyly (HP:0001159), 		
43	ATP2C2_AD	ATP2C2	9914	AD	0.1576	0.3068	0.5002	0.7919	0.0000	0.2500	0.0000	0.5002	0.5002	1.0000	0		Genu valgum (HP:0002857)-abnormal sternum morphology (MP:0000157), 		Proximity to FLNA associated with Periventricular nodular heterotopia (ORPHA:98892): Patent ductus arteriosus (HP:0001643)-Patent ductus arteriosus (HP:0001643), Aortic root aneurysm (HP:0002616)-Aortic aneurysm (HP:0004942), Genu valgum (HP:0002857)-Patellar dislocation (HP:0002999), 	Proximity to FLNA Patent ductus arteriosus (HP:0001643)-ventricular septal defect (MP:0010402), Aortic root aneurysm (HP:0002616)-interrupted aortic arch (MP:0004157), 	
44	GPAM_AD	GPAM	57678	AD	0.1595	0.3017	0.5001	0.7895	0.0000	0.0000	0.0000	0.5001	0.5001	1.0000	0				Proximity to NDUFAF6 associated with Fanconi renotubular syndrome 5 (OMIM:618913): Patent ductus arteriosus (HP:0001643)-Hypertension (HP:0000822), Aortic root aneurysm (HP:0002616)-Hypertension (HP:0000822), Genu valgum (HP:0002857)-Genu valgum (HP:0002857), 		
45	CACNA1D_AD	CACNA1D	776	AD	0.1635	0.2917	0.5022	0.7819	0.3988	0.3335	0.0000	0.5022	0.5022	1.0000	0	Primary aldosteronism, seizures, and neurologic abnormalities (OMIM:615474): Patent ductus arteriosus (HP:0001643)-Biventricular hypertrophy (HP:0200128), Aortic root aneurysm (HP:0002616)-Biventricular hypertrophy (HP:0200128), 	Patent ductus arteriosus (HP:0001643)-abnormal heart rate (MP:0001629), Aortic root aneurysm (HP:0002616)-abnormal heart rate (MP:0001629), Genu valgum (HP:0002857)-cochlear inner hair cell degeneration (MP:0004398), 		Proximity to PRKG1 associated with Familial thoracic aortic aneurysm and aortic dissection (ORPHA:91387): Patent ductus arteriosus (HP:0001643)-Patent ductus arteriosus (HP:0001643), Aortic root aneurysm (HP:0002616)-Aortic root aneurysm (HP:0002616), Genu valgum (HP:0002857)-Pes planus (HP:0001763), 	Proximity to PRKG1 Patent ductus arteriosus (HP:0001643)-abnormal blood vessel physiology (MP:0000249), Aortic root aneurysm (HP:0002616)-abnormal blood vessel physiology (MP:0000249), 	
46	PDE11A_AD	PDE11A	50940	AD	0.1656	0.2864	0.5251	0.7531	0.5251	0.0000	0.0000	0.5039	0.5251	1.0000	0	Carney complex (ORPHA:1359): Patent ductus arteriosus (HP:0001643)-Dilatation of the cerebral artery (HP:0004944), Aortic root aneurysm (HP:0002616)-Dilatation of the cerebral artery (HP:0004944), 			Proximity to ADK associated with Hypermethioninemia due to adenosine kinase deficiency (OMIM:614300): Patent ductus arteriosus (HP:0001643)-Coarctation of aorta (HP:0001680), Aortic root aneurysm (HP:0002616)-Coarctation of aorta (HP:0001680), Genu valgum (HP:0002857)-Narrow foot (HP:0001786), 	Proximity to ADK Genu valgum (HP:0002857)-abnormal spine curvature (MP:0004174), 	
47	MXD3_AD	MXD3	83463	AD	0.1719	0.2703	0.5000	0.7728	0.0000	0.0000	0.0000	0.5000	0.5000	1.0000	0				Proximity to KANSL1 associated with Koolen-De Vries syndrome (OMIM:610443): Patent ductus arteriosus (HP:0001643)-Patent ductus arteriosus (HP:0001643), Aortic root aneurysm (HP:0002616)-Aortic root aneurysm (HP:0002616), Genu valgum (HP:0002857)-Hip dislocation (HP:0002827), 		
48	CLCN2_AD	CLCN2	1181	AD	0.1741	0.2649	0.5158	0.7520	0.3299	0.3082	0.0000	0.5158	0.5158	1.0000	0	Familial hyperaldosteronism type II (ORPHA:404): Patent ductus arteriosus (HP:0001643)-Intracranial hemorrhage (HP:0002170), Aortic root aneurysm (HP:0002616)-Intracranial hemorrhage (HP:0002170), 	Patent ductus arteriosus (HP:0001643)-increased heart rate (MP:0002626), Aortic root aneurysm (HP:0002616)-increased heart rate (MP:0002626), 		Proximity to SLC12A5 associated with Malignant migrating focal seizures of infancy (ORPHA:293181): Patent ductus arteriosus (HP:0001643)-Aortopulmonary collateral arteries (HP:0031834), Aortic root aneurysm (HP:0002616)-Aortopulmonary collateral arteries (HP:0031834), 	Proximity to SLC12A5 Patent ductus arteriosus (HP:0001643)-abnormal blood vessel morphology (MP:0001614), Aortic root aneurysm (HP:0002616)-abnormal blood vessel morphology (MP:0001614), 	
49	CHPF2_AD	CHPF2	54480	AD	0.1861	0.2378	0.5147	0.7375	0.0000	0.0000	0.0000	0.5147	0.5147	1.0000	0				Proximity to CSGALNACT1 associated with Skeletal dysplasia, mild, with joint laxity and advanced bone age (OMIM:618870): Patent ductus arteriosus (HP:0001643)-Patent ductus arteriosus (HP:0001643), Aortic root aneurysm (HP:0002616)-Patent ductus arteriosus (HP:0001643), Genu valgum (HP:0002857)-Genu valgum (HP:0002857), 	Proximity to CSGALNACT1 Genu valgum (HP:0002857)-short tibia (MP:0002764), 	
50	PTK2_AD	PTK2	5747	AD	0.1892	0.2308	0.5162	0.7316	0.0000	0.5035	0.0000	0.5162	0.5162	1.0000	0		Patent ductus arteriosus (HP:0001643)-abnormal aorta morphology (MP:0000272), Aortic root aneurysm (HP:0002616)-abnormal aorta morphology (MP:0000272), Genu valgum (HP:0002857)-abnormal notochord morphology (MP:0002825), 		Proximity to CHRNG associated with Autosomal recessive multiple pterygium syndrome (ORPHA:2990): Patent ductus arteriosus (HP:0001643)-Aortic aneurysm (HP:0004942), Aortic root aneurysm (HP:0002616)-Aortic aneurysm (HP:0004942), Genu valgum (HP:0002857)-Symphalangism affecting the phalanges of the hand (HP:0009773), 	Proximity to CHRNG Genu valgum (HP:0002857)-hindlimb paralysis (MP:0000755), 	
51	NOC2L_AD	NOC2L	26155	AD	0.1907	0.2276	0.5009	0.7469	0.0000	0.0000	0.2197	0.5009	0.5009	1.0000	0			Patent ductus arteriosus (HP:0001643)-pericardium edematous, abnormal (ZP:0000038), Aortic root aneurysm (HP:0002616)-pericardium edematous, abnormal (ZP:0000038), 	Proximity to PUS3 associated with Severe growth deficiency-strabismus-extensive dermal melanocytosis-intellectual disability syndrome (ORPHA:488627): Genu valgum (HP:0002857)-Genu valgum (HP:0002857), 		
52	STIM2_AD	STIM2	57620	AD	0.1946	0.2194	0.5001	0.7427	0.0000	0.0000	0.0000	0.5001	0.5001	1.0000	0				Proximity to TRPV6 associated with Hyperparathyroidism, transient neonatal (OMIM:618188): Patent ductus arteriosus (HP:0001643)-Patent ductus arteriosus (HP:0001643), Aortic root aneurysm (HP:0002616)-Patent ductus arteriosus (HP:0001643), Genu valgum (HP:0002857)-Femoral bowing (HP:0002980), 		Proximity to TRPV6 Genu valgum (HP:0002857)-postcranial axial skeleton cartilaginous, abnormal (ZP:0006543), 
53	STX10_AD	STX10	8677	AD	0.1971	0.2142	0.5027	0.7365	0.0000	0.0000	0.0000	0.5027	0.5027	1.0000	0				Proximity to STX5 associated with ?Congenital disorder of glycosylation, type IIaa (OMIM:620454): Patent ductus arteriosus (HP:0001643)-Patent ductus arteriosus after premature birth (HP:0011649), Aortic root aneurysm (HP:0002616)-Patent ductus arteriosus after premature birth (HP:0011649), Genu valgum (HP:0002857)-Knee flexion contracture (HP:0006380), 	Proximity to STX5 Patent ductus arteriosus (HP:0001643)-abnormal retina vasculature morphology (MP:0002792), Aortic root aneurysm (HP:0002616)-abnormal retina vasculature morphology (MP:0002792), 	
54	HECTD1_AD	HECTD1	25831	AD	0.2125	0.1841	0.5657	0.6445	0.0000	0.5657	0.0000	0.5000	0.5657	1.0000	0		Patent ductus arteriosus (HP:0001643)-coronary fistula (MP:0010476), Aortic root aneurysm (HP:0002616)-aorta hypoplasia (MP:0010541), 		Proximity to PSMD12 associated with Stankiewicz-Isidor syndrome (OMIM:617516): Patent ductus arteriosus (HP:0001643)-Patent ductus arteriosus (HP:0001643), Aortic root aneurysm (HP:0002616)-Truncus arteriosus (HP:0001660), Genu valgum (HP:0002857)-2-3 toe syndactyly (HP:0004691), 		Proximity to PSMD12 Genu valgum (HP:0002857)-ceratobranchial cartilage decreased amount, abnormal (ZP:0001318), 
55	PAH_AD	PAH	5053	AD	0.2133	0.1826	0.2507	1.0000	0.5948	0.2500	0.0000	0.5014	0.5948	0.5000	0	Maternal phenylketonuria (ORPHA:2209): Patent ductus arteriosus (HP:0001643)-Double outlet right ventricle (HP:0001719), Aortic root aneurysm (HP:0002616)-Coarctation of aorta (HP:0001680), Genu valgum (HP:0002857)-Bifid distal phalanx of the thumb (HP:0009611), 	Genu valgum (HP:0002857)-abnormal sternum morphology (MP:0000157), 		Proximity to HGD associated with Alkaptonuria (OMIM:203500): Patent ductus arteriosus (HP:0001643)-Coronary artery calcification (HP:0001717), Aortic root aneurysm (HP:0002616)-Aortic aneurysm (HP:0004942), Genu valgum (HP:0002857)-Limitation of knee mobility (HP:0010501), 	Proximity to HGD Genu valgum (HP:0002857)-abnormal articular cartilage morphology (MP:0006433), 	
56	FGD5_AD	FGD5	152273	AD	0.2161	0.1775	0.3441	0.8904	0.0000	0.3441	0.0000	0.0000	0.3441	1.0000	0		Patent ductus arteriosus (HP:0001643)-enlarged heart (MP:0000274), Aortic root aneurysm (HP:0002616)-abnormal placenta vasculature (MP:0003231), 				
57	FRMPD2_AR	FRMPD2	143162	AR	0.2206	0.1698	0.5049	0.7026	0.0000	0.0000	0.0000	0.5049	0.5049	1.0000	0				Proximity to ARVCF associated with 22q11.2 deletion syndrome (ORPHA:567): Patent ductus arteriosus (HP:0001643)-Patent ductus arteriosus (HP:0001643), Aortic root aneurysm (HP:0002616)-Abnormal aortic arch morphology (HP:0012303), Genu valgum (HP:0002857)-Patellar dislocation (HP:0002999), 		
58	PKN3_AD	PKN3	29941	AD	0.2223	0.1669	0.5000	0.7059	0.0000	0.0000	0.0000	0.5000	0.5000	1.0000	0				Proximity to SOS2 associated with Noonan syndrome (ORPHA:648): Patent ductus arteriosus (HP:0001643)-Patent ductus arteriosus (HP:0001643), Aortic root aneurysm (HP:0002616)-Coarctation of aorta (HP:0001680), Genu valgum (HP:0002857)-Radioulnar synostosis (HP:0002974), 		Proximity to SOS2 Patent ductus arteriosus (HP:0001643)-pericardium edematous, abnormal (ZP:0000038), Aortic root aneurysm (HP:0002616)-pericardium edematous, abnormal (ZP:0000038), 
59	DPP4_AD	DPP4	1803	AD	0.2273	0.1584	0.5015	0.6974	0.0000	0.3605	0.0000	0.5015	0.5015	1.0000	0		Patent ductus arteriosus (HP:0001643)-increased vascular permeability (MP:0003070), Aortic root aneurysm (HP:0002616)-increased vascular permeability (MP:0003070), 		Proximity to GPC3 associated with Simpson-Golabi-Behmel syndrome, type 1 (OMIM:312870): Patent ductus arteriosus (HP:0001643)-Patent ductus arteriosus (HP:0001643), Aortic root aneurysm (HP:0002616)-Transposition of the great arteries (HP:0001669), Genu valgum (HP:0002857)-Flared iliac wing (HP:0002869), 	Proximity to GPC3 Patent ductus arteriosus (HP:0001643)-patent ductus arteriosus (MP:0003139), Aortic root aneurysm (HP:0002616)-coronary fistula (MP:0010476), Genu valgum (HP:0002857)-split xiphoid process (MP:0004678), 	
60	MCFD2_AD	MCFD2	90411	AD	0.2297	0.1547	0.2500	0.9790	0.3549	0.0000	0.0000	0.5000	0.5000	0.5000	0	Combined deficiency of factor V and factor VIII (ORPHA:35909): Patent ductus arteriosus (HP:0001643)-Intracranial hemorrhage (HP:0002170), Aortic root aneurysm (HP:0002616)-Intracranial hemorrhage (HP:0002170), Genu valgum (HP:0002857)-Joint hemorrhage (HP:0005261), 			Proximity to TGFB3 associated with Familial thoracic aortic aneurysm and aortic dissection (ORPHA:91387): Patent ductus arteriosus (HP:0001643)-Patent ductus arteriosus (HP:0001643), Aortic root aneurysm (HP:0002616)-Aortic root aneurysm (HP:0002616), Genu valgum (HP:0002857)-Pes planus (HP:0001763), 	Proximity to TGFB3 Patent ductus arteriosus (HP:0001643)-abnormal pulmonary vein morphology (MP:0002726), Aortic root aneurysm (HP:0002616)-abnormal pulmonary vein morphology (MP:0002726), Genu valgum (HP:0002857)-cleft secondary palate (MP:0009890), 	Proximity to TGFB3 Patent ductus arteriosus (HP:0001643)-heart decreased size, abnormal (ZP:0001764), Aortic root aneurysm (HP:0002616)-pericardium increased size, abnormal (ZP:0001241), Genu valgum (HP:0002857)-cleithrum ossified, abnormal (ZP:0005162), 
61	CASQ2_AD	CASQ2	845	AD	0.2320	0.1510	0.2504	0.9755	0.0000	0.3855	0.0000	0.5008	0.5008	0.5000	0		Patent ductus arteriosus (HP:0001643)-increased heart atrium size (MP:0008725), Aortic root aneurysm (HP:0002616)-abnormal sinus arrhythmia (MP:0004122), 		Proximity to MYPN associated with Cap myopathy (ORPHA:171881): Patent ductus arteriosus (HP:0001643)-Aortic root aneurysm (HP:0002616), Aortic root aneurysm (HP:0002616)-Aortic root aneurysm (HP:0002616), Genu valgum (HP:0002857)-Pes planus (HP:0001763), 	Proximity to MYPN Patent ductus arteriosus (HP:0001643)-cardiac interstitial fibrosis (MP:0005608), Aortic root aneurysm (HP:0002616)-cardiac interstitial fibrosis (MP:0005608), 	
62	RTCB_AD	RTCB	51493	AD	0.2345	0.1472	0.5000	0.6897	0.0000	0.0000	0.0000	0.5000	0.5000	1.0000	0				Proximity to HNRNPK associated with Au-Kline syndrome (OMIM:616580): Patent ductus arteriosus (HP:0001643)-Aortic root aneurysm (HP:0002616), Aortic root aneurysm (HP:0002616)-Aortic root aneurysm (HP:0002616), Genu valgum (HP:0002857)-Coxa valga (HP:0002673), 		
63	EFL1_AR	EFL1	79631	AR	0.2381	0.1419	0.5853	0.5885	0.5853	0.0000	0.0000	0.5024	0.5853	1.0000	0	Shwachman-Diamond syndrome 2 (OMIM:617941): Genu valgum (HP:0002857)-Genu varum (HP:0002970), 			Proximity to TSFM associated with Combined oxidative phosphorylation deficiency 3 (OMIM:610505): Patent ductus arteriosus (HP:0001643)-Patent ductus arteriosus (HP:0001643), Aortic root aneurysm (HP:0002616)-Patent ductus arteriosus (HP:0001643), 		
64	CLSTN1_AD	CLSTN1	22883	AD	0.2508	0.1243	0.5001	0.6683	0.0000	0.1965	0.0000	0.5001	0.5001	1.0000	0		Genu valgum (HP:0002857)-decreased bone mineral content (MP:0010124), 		Proximity to MAPK8IP3 associated with Neurodevelopmental disorder with or without variable brain abnormalities (OMIM:618443): Genu valgum (HP:0002857)-Genu valgum (HP:0002857), 	Proximity to MAPK8IP3 Patent ductus arteriosus (HP:0001643)-abnormal lung vasculature morphology (MP:0004007), Aortic root aneurysm (HP:0002616)-abnormal lung vasculature morphology (MP:0004007), 	
65	HLA-DQA1_AR	HLA-DQA1	3117	AR	0.2530	0.1215	0.2045	1.0000	0.2045	0.0000	0.0000	0.0000	0.2045	1.0000	0	Celiac disease, susceptibility to (OMIM:212750): Patent ductus arteriosus (HP:0001643)-Eczematoid dermatitis (HP:0000964), Aortic root aneurysm (HP:0002616)-Eczematoid dermatitis (HP:0000964), 					
66	E2F7_AD	E2F7	144455	AD	0.2676	0.1042	0.5001	0.6467	0.0000	0.0000	0.3602	0.5001	0.5001	1.0000	0			Patent ductus arteriosus (HP:0001643)-intersegmental artery malformed, abnormal (ZP:0003675), Aortic root aneurysm (HP:0002616)-dorsal longitudinal anastomotic vessel hypoplastic, abnormal (ZP:0003680), 	Proximity to TGIF1 associated with Septopreoptic holoprosencephaly (ORPHA:280195): Patent ductus arteriosus (HP:0001643)-Coarctation of aorta (HP:0001680), Aortic root aneurysm (HP:0002616)-Coarctation of aorta (HP:0001680), 	Proximity to TGIF1 Genu valgum (HP:0002857)-kinked tail (MP:0000585), 	
67	SELP_AD	SELP	6403	AD	0.2734	0.0981	0.5275	0.6083	0.0000	0.3785	0.0000	0.5275	0.5275	1.0000	0		Patent ductus arteriosus (HP:0001643)-abnormal vascular endothelial cell morphology (MP:0006055), Aortic root aneurysm (HP:0002616)-abnormal vascular endothelial cell morphology (MP:0006055), 		Proximity to NPR3 associated with Boudin-Mortier syndrome (OMIM:619543): Patent ductus arteriosus (HP:0001643)-Aortic root aneurysm (HP:0002616), Aortic root aneurysm (HP:0002616)-Aortic root aneurysm (HP:0002616), Genu valgum (HP:0002857)-Pes planus (HP:0001763), 	Proximity to NPR3 Patent ductus arteriosus (HP:0001643)-hypovolemia (MP:0010128), Aortic root aneurysm (HP:0002616)-hypovolemia (MP:0010128), Genu valgum (HP:0002857)-elongated metatarsal bones (MP:0004641), 	Proximity to NPR3 Patent ductus arteriosus (HP:0001643)-heart decreased size, abnormal (ZP:0001764), Aortic root aneurysm (HP:0002616)-heart decreased size, abnormal (ZP:0001764), 
68	TECTA_AD	TECTA	7007	AD	0.2811	0.0902	0.5000	0.6293	0.0000	0.1916	0.0000	0.5000	0.5000	1.0000	0		Genu valgum (HP:0002857)-abnormal Hensen stripe morphology (MP:0013961), 		Proximity to TBX1 associated with Conotruncal anomaly face syndrome (OMIM:217095): Patent ductus arteriosus (HP:0001643)-Transposition of the great arteries (HP:0001669), Aortic root aneurysm (HP:0002616)-Coarctation of aorta (HP:0001680), Genu valgum (HP:0002857)-Broad hallux (HP:0010055), 	Proximity to TBX1 Patent ductus arteriosus (HP:0001643)-cervical aortic arch (MP:0004161), Aortic root aneurysm (HP:0002616)-cervical aortic arch (MP:0004161), 	Proximity to TBX1 Patent ductus arteriosus (HP:0001643)-mouth closure incomplete, abnormal (ZP:0005229), Aortic root aneurysm (HP:0002616)-artery pharyngeal arch morphology, abnormal (ZP:0104634), Genu valgum (HP:0002857)-pharyngeal arch 2 skeleton decreased size, abnormal (ZP:0000919), 
69	SIRPA_AR	SIRPA	140885	AR	0.2819	0.0894	0.1716	1.0000	0.0000	0.1716	0.0000	0.0000	0.1716	1.0000	0		Genu valgum (HP:0002857)-increased megakaryocyte cell number (MP:0008254), 				
70	SPTB_AD	SPTB	6710	AD	0.2929	0.0795	0.5048	0.6088	0.3330	0.3504	0.3225	0.5048	0.5048	1.0000	0	Hereditary spherocytosis (ORPHA:822): Patent ductus arteriosus (HP:0001643)-Restrictive cardiomyopathy (HP:0001723), Aortic root aneurysm (HP:0002616)-Restrictive cardiomyopathy (HP:0001723), Genu valgum (HP:0002857)-Gout (HP:0001997), 	Patent ductus arteriosus (HP:0001643)-enlarged heart (MP:0000274), Aortic root aneurysm (HP:0002616)-enlarged heart (MP:0000274), Genu valgum (HP:0002857)-poikilocytosis (MP:0002643), 	Patent ductus arteriosus (HP:0001643)-atrium dilated, abnormal (ZP:0000724), Aortic root aneurysm (HP:0002616)-atrium dilated, abnormal (ZP:0000724), 	Proximity to SPTBN1 associated with Developmental delay, impaired speech, and behavioral abnormalities (OMIM:619475): Patent ductus arteriosus (HP:0001643)-Aortic aneurysm (HP:0004942), Aortic root aneurysm (HP:0002616)-Aortic aneurysm (HP:0004942), Genu valgum (HP:0002857)-Genu valgum (HP:0002857), 	Proximity to SPTBN1 Patent ductus arteriosus (HP:0001643)-ventricular septal defect (MP:0010402), Aortic root aneurysm (HP:0002616)-hemorrhage (MP:0001914), 	
71	GCC1_AD	GCC1	79571	AD	0.2946	0.0781	0.5000	0.6121	0.0000	0.0000	0.0000	0.5000	0.5000	1.0000	0				Proximity to COG6 associated with Congenital disorder of glycosylation, type IIl (OMIM:614576): Patent ductus arteriosus (HP:0001643)-Patent ductus arteriosus (HP:0001643), Aortic root aneurysm (HP:0002616)-Patent ductus arteriosus (HP:0001643), Genu valgum (HP:0002857)-Hip dysplasia (HP:0001385), 	Proximity to COG6 Patent ductus arteriosus (HP:0001643)-abnormal coronary sinus connection (MP:0013975), Aortic root aneurysm (HP:0002616)-abnormal inferior vena cava morphology (MP:0006063), Genu valgum (HP:0002857)-fusion of vertebral arches (MP:0004613), 	
72	TBC1D3B_AR	TBC1D3B	414059	AR	0.3039	0.0705	0.5001	0.6000	0.0000	0.0000	0.0000	0.5001	0.5001	1.0000	0				Proximity to KCNN3 associated with Zimmermann-Laband syndrome 3 (OMIM:618658): Patent ductus arteriosus (HP:0001643)-Patent ductus arteriosus (HP:0001643), Aortic root aneurysm (HP:0002616)-Patent ductus arteriosus (HP:0001643), Genu valgum (HP:0002857)-Long hallux (HP:0001847), 		
73	NOTCH4_AD	NOTCH4	4855	AD	0.3114	0.0650	0.2890	0.8296	0.0000	0.2890	0.0000	0.0000	0.2890	1.0000	0		Patent ductus arteriosus (HP:0001643)-abnormal retina vasculature morphology (MP:0002792), Aortic root aneurysm (HP:0002616)-abnormal retina vasculature morphology (MP:0002792), 				
74	USO1_AD	USO1	8615	AD	0.3177	0.0606	0.5426	0.5343	0.0000	0.0000	0.0000	0.5426	0.5426	1.0000	0				Proximity to TRIP11 associated with Odontochondrodysplasia (ORPHA:166272): Patent ductus arteriosus (HP:0001643)-Patent ductus arteriosus (HP:0001643), Aortic root aneurysm (HP:0002616)-Patent ductus arteriosus (HP:0001643), Genu valgum (HP:0002857)-Bowing of the long bones (HP:0006487), 	Proximity to TRIP11 Patent ductus arteriosus (HP:0001643)-muscular ventricular septal defect (MP:0010420), Aortic root aneurysm (HP:0002616)-overriding aortic valve (MP:0000273), 	
75	PLXNA1_AR	PLXNA1	5361	AR	0.3238	0.0566	0.5170	0.5554	0.3753	0.3457	0.3552	0.5170	0.5170	1.0000	0	Dworschak-Punetha neurodevelopmental syndrome (OMIM:619955): Patent ductus arteriosus (HP:0001643)-Dilation of Virchow-Robin spaces (HP:0012520), Aortic root aneurysm (HP:0002616)-Dilation of Virchow-Robin spaces (HP:0012520), Genu valgum (HP:0002857)-Depressed nasal bridge (HP:0005280), 	Patent ductus arteriosus (HP:0001643)-abnormal lymphatic vessel morphology (MP:0001879), Aortic root aneurysm (HP:0002616)-abnormal lymphatic vessel morphology (MP:0001879), 	Patent ductus arteriosus (HP:0001643)-angiogenic sprout intersegmental vessel morphology, abnormal (ZP:0103280), Aortic root aneurysm (HP:0002616)-angiogenic sprout intersegmental vessel morphology, abnormal (ZP:0103280), Genu valgum (HP:0002857)-epithelial cell regenerating fin apoptotic, abnormal (ZP:0102468), 	Proximity to SEMA3E associated with CHARGE syndrome (ORPHA:138): Patent ductus arteriosus (HP:0001643)-Patent ductus arteriosus (HP:0001643), Aortic root aneurysm (HP:0002616)-Aortic arch aneurysm (HP:0005113), Genu valgum (HP:0002857)-Abnormal tibia morphology (HP:0002992), 	Proximity to SEMA3E Patent ductus arteriosus (HP:0001643)-abnormal intersomitic vessel morphology (MP:0012253), Aortic root aneurysm (HP:0002616)-abnormal intersomitic vessel morphology (MP:0012253), 	Proximity to SEMA3E Patent ductus arteriosus (HP:0001643)-axial vasculature has fewer parts of type intersegmental vessel, abnormal (ZP:0004430), Aortic root aneurysm (HP:0002616)-axial vasculature has fewer parts of type intersegmental vessel, abnormal (ZP:0004430), 
76	CELSR1_AD	CELSR1	9620	AD	0.3432	0.0455	0.5001	0.5495	0.3965	0.4323	0.0000	0.5001	0.5001	1.0000	0	Lymphatic malformation 9 (OMIM:619319): Patent ductus arteriosus (HP:0001643)-Tortuous lymphatic vessels (HP:0033986), Aortic root aneurysm (HP:0002616)-Tortuous lymphatic vessels (HP:0033986), 	Patent ductus arteriosus (HP:0001643)-cranioschisis (MP:0000919), Genu valgum (HP:0002857)-kinked tail (MP:0000585), 		Proximity to SFRP4 associated with Pyle disease (OMIM:265900): Genu valgum (HP:0002857)-Genu valgum (HP:0002857), 	Proximity to SFRP4 Genu valgum (HP:0002857)-decreased femur compact bone thickness (MP:0013624), 	
77	NHP2_AD	NHP2	55651	AD	0.3467	0.0437	0.2516	0.8260	0.3505	0.0000	0.0000	0.5032	0.5032	0.5000	0	Dyskeratosis congenita (ORPHA:1775): Patent ductus arteriosus (HP:0001643)-Telangiectasia of the skin (HP:0100585), Aortic root aneurysm (HP:0002616)-Telangiectasia of the skin (HP:0100585), Genu valgum (HP:0002857)-Coarse metaphyseal trabecularization (HP:0100670), 			Proximity to DOHH associated with Neurodevelopmental disorder with microcephaly, cerebral atrophy, and visual impairment (OMIM:620066): Patent ductus arteriosus (HP:0001643)-Coarctation of aorta (HP:0001680), Aortic root aneurysm (HP:0002616)-Coarctation of aorta (HP:0001680), Genu valgum (HP:0002857)-Bicuspid aortic valve (HP:0001647), 		
78	DPP4_AR	DPP4	1803	AR	0.3477	0.0432	0.5015	0.5420	0.0000	0.3605	0.0000	0.5015	0.5015	1.0000	0		Patent ductus arteriosus (HP:0001643)-increased vascular permeability (MP:0003070), Aortic root aneurysm (HP:0002616)-increased vascular permeability (MP:0003070), 		Proximity to GPC3 associated with Simpson-Golabi-Behmel syndrome, type 1 (OMIM:312870): Patent ductus arteriosus (HP:0001643)-Patent ductus arteriosus (HP:0001643), Aortic root aneurysm (HP:0002616)-Transposition of the great arteries (HP:0001669), Genu valgum (HP:0002857)-Flared iliac wing (HP:0002869), 	Proximity to GPC3 Patent ductus arteriosus (HP:0001643)-patent ductus arteriosus (MP:0003139), Aortic root aneurysm (HP:0002616)-coronary fistula (MP:0010476), Genu valgum (HP:0002857)-split xiphoid process (MP:0004678), 	
79	ATAD3B_AD	ATAD3B	83858	AD	0.3503	0.0420	0.5000	0.5404	0.0000	0.0000	0.0000	0.5000	0.5000	1.0000	0				Proximity to PSMD12 associated with Stankiewicz-Isidor syndrome (OMIM:617516): Patent ductus arteriosus (HP:0001643)-Patent ductus arteriosus (HP:0001643), Aortic root aneurysm (HP:0002616)-Truncus arteriosus (HP:0001660), Genu valgum (HP:0002857)-2-3 toe syndactyly (HP:0004691), 		Proximity to PSMD12 Genu valgum (HP:0002857)-ceratobranchial cartilage decreased amount, abnormal (ZP:0001318), 
80	HSD3B2_AD	HSD3B2	3284	AD	0.3546	0.0400	0.2516	0.8161	0.2710	0.0000	0.0000	0.5031	0.5031	0.5000	0	Congenital adrenal hyperplasia due to 3-beta-hydroxysteroid dehydrogenase deficiency (ORPHA:90791): Patent ductus arteriosus (HP:0001643)-Hypotension (HP:0002615), Aortic root aneurysm (HP:0002616)-Hypotension (HP:0002615), 			Proximity to CYP19A1 associated with Aromatase deficiency (ORPHA:91): Genu valgum (HP:0002857)-Genu valgum (HP:0002857), 	Proximity to CYP19A1 Patent ductus arteriosus (HP:0001643)-abnormal systemic arterial blood pressure (MP:0000230), Aortic root aneurysm (HP:0002616)-abnormal systemic arterial blood pressure (MP:0000230), Genu valgum (HP:0002857)-increased bone marrow cell number (MP:0000321), 	Proximity to CYP19A1 Patent ductus arteriosus (HP:0001643)-pericardium edematous, abnormal (ZP:0000038), Aortic root aneurysm (HP:0002616)-pericardium edematous, abnormal (ZP:0000038), 
81	RAD50_AD	RAD50	10111	AD	0.3653	0.0354	0.5071	0.5132	0.0000	0.2629	0.0000	0.5071	0.5071	1.0000	0		Genu valgum (HP:0002857)-increased foot pad pigmentation (MP:0000575), 		Proximity to SMC5 associated with Atelis syndrome 2 (OMIM:620185): Patent ductus arteriosus (HP:0001643)-Patent ductus arteriosus (HP:0001643), Aortic root aneurysm (HP:0002616)-Patent ductus arteriosus (HP:0001643), Genu valgum (HP:0002857)-Pes planus (HP:0001763), 	Proximity to SMC5 Genu valgum (HP:0002857)-increased eosinophil cell number (MP:0005011), 	
82	HLA-B_AR	HLA-B	3106	AR	0.3673	0.0346	0.2515	0.8000	0.7234	0.2971	0.0000	0.5029	0.7234	0.5000	0	Takayasu arteritis (ORPHA:3287): Patent ductus arteriosus (HP:0001643)-Ascending tubular aorta aneurysm (HP:0004970), Aortic root aneurysm (HP:0002616)-Ascending tubular aorta aneurysm (HP:0004970), Genu valgum (HP:0002857)-Arthritis (HP:0001369), 	Patent ductus arteriosus (HP:0001643)-increased heart weight (MP:0002833), Aortic root aneurysm (HP:0002616)-increased heart weight (MP:0002833), 		Proximity to SEC24C associated with 22q11.2 deletion syndrome (ORPHA:567): Patent ductus arteriosus (HP:0001643)-Patent ductus arteriosus (HP:0001643), Aortic root aneurysm (HP:0002616)-Abnormal aortic arch morphology (HP:0012303), Genu valgum (HP:0002857)-Patellar dislocation (HP:0002999), 		
83	SPATA7_AD	SPATA7	55812	AD	0.3692	0.0339	0.2500	0.7992	0.2446	0.0000	0.0000	0.5000	0.5000	0.5000	0	Retinitis pigmentosa (ORPHA:791): Patent ductus arteriosus (HP:0001643)-Abnormal retinal vascular morphology (HP:0008046), Aortic root aneurysm (HP:0002616)-Abnormal retinal vascular morphology (HP:0008046), 			Proximity to APOB associated with Homozygous familial hypercholesterolemia (ORPHA:391665): Patent ductus arteriosus (HP:0001643)-Coronary artery aneurysm (HP:0030882), Aortic root aneurysm (HP:0002616)-Aortic atherosclerotic lesion (HP:0012397), 	Proximity to APOB Patent ductus arteriosus (HP:0001643)-hemorrhage (MP:0001914), Aortic root aneurysm (HP:0002616)-hemorrhage (MP:0001914), 	Proximity to APOB Patent ductus arteriosus (HP:0001643)-subintestinal vein morphology, abnormal (ZP:0005758), Aortic root aneurysm (HP:0002616)-subintestinal vein morphology, abnormal (ZP:0005758), 
84	KARS1_AD	KARS1	3735	AD	0.3716	0.0330	0.2542	0.7913	0.3584	0.0000	0.2197	0.5084	0.5084	0.5000	0	?Charcot-Marie-Tooth disease, recessive intermediate, B (OMIM:613641): Genu valgum (HP:0002857)-Pes cavus (HP:0001761), 		Patent ductus arteriosus (HP:0001643)-pericardium edematous, abnormal (ZP:0000038), Aortic root aneurysm (HP:0002616)-pericardium edematous, abnormal (ZP:0000038), 	Proximity to CARS1 associated with Microcephaly, developmental delay, and brittle hair syndrome (OMIM:618891): Patent ductus arteriosus (HP:0001643)-Aortic root aneurysm (HP:0002616), Aortic root aneurysm (HP:0002616)-Aortic root aneurysm (HP:0002616), Genu valgum (HP:0002857)-Pes cavus (HP:0001761), 		Proximity to CARS1 Patent ductus arteriosus (HP:0001643)-pericardium edematous, abnormal (ZP:0000038), Aortic root aneurysm (HP:0002616)-pericardium edematous, abnormal (ZP:0000038), 
85	TTN_AD	TTN	7273	AD	0.3746	0.0319	0.4199	0.6000	0.4202	0.4199	0.3607	0.0000	0.4202	1.0000	0	Autosomal recessive centronuclear myopathy (ORPHA:169186): Patent ductus arteriosus (HP:0001643)-Abnormal heart valve morphology (HP:0001654), Aortic root aneurysm (HP:0002616)-Abnormal heart valve morphology (HP:0001654), Genu valgum (HP:0002857)-Pes cavus (HP:0001761), 	Patent ductus arteriosus (HP:0001643)-abnormal dorsal aorta morphology (MP:0004787), Aortic root aneurysm (HP:0002616)-abnormal blood vessel morphology (MP:0001614), 	Patent ductus arteriosus (HP:0001643)-atrium morphology, abnormal (ZP:0011757), Aortic root aneurysm (HP:0002616)-pericardium edematous, abnormal (ZP:0000038), 			
86	BMP8A_AR	BMP8A	353500	AR	0.3772	0.0309	0.5021	0.5035	0.0000	0.0000	0.0000	0.5021	0.5021	1.0000	0				Proximity to BMPR1A associated with Juvenile polyposis of infancy (ORPHA:79076): Patent ductus arteriosus (HP:0001643)-Patent ductus arteriosus (HP:0001643), Aortic root aneurysm (HP:0002616)-Patent ductus arteriosus (HP:0001643), Genu valgum (HP:0002857)-Broad phalanx of the toes (HP:0010174), 		Proximity to BMPR1A Patent ductus arteriosus (HP:0001643)-heart tube morphology, abnormal (ZP:0000454), Aortic root aneurysm (HP:0002616)-heart tube morphology, abnormal (ZP:0000454), 
87	WARS1_AD	WARS1	7453	AD	0.3811	0.0296	0.5076	0.4923	0.3564	0.3347	0.0000	0.5076	0.5076	1.0000	0	Neuronopathy, distal hereditary motor, autosomal dominant 9 (OMIM:617721): Genu valgum (HP:0002857)-Pes cavus (HP:0001761), 	Patent ductus arteriosus (HP:0001643)-dilated heart left ventricle (MP:0002753), Aortic root aneurysm (HP:0002616)-decreased heart rate (MP:0005333), 		Proximity to CARS1 associated with Microcephaly, developmental delay, and brittle hair syndrome (OMIM:618891): Patent ductus arteriosus (HP:0001643)-Aortic root aneurysm (HP:0002616), Aortic root aneurysm (HP:0002616)-Aortic root aneurysm (HP:0002616), Genu valgum (HP:0002857)-Pes cavus (HP:0001761), 		Proximity to CARS1 Patent ductus arteriosus (HP:0001643)-pericardium edematous, abnormal (ZP:0000038), Aortic root aneurysm (HP:0002616)-pericardium edematous, abnormal (ZP:0000038), 
88	ADGRV1_AR	ADGRV1	84059	AR	0.3939	0.0257	0.5000	0.4850	0.4622	0.4187	0.0000	0.5000	0.5000	1.0000	0	Generalized epilepsy with febrile seizures-plus (ORPHA:36387): Genu valgum (HP:0002857)-Tibial torsion (HP:0100694), 	Genu valgum (HP:0002857)-short tibia (MP:0002764), 		Proximity to HS2ST1 associated with Neurofacioskeletal syndrome with or without renal agenesis (OMIM:619194): Patent ductus arteriosus (HP:0001643)-Capillary hemangioma (HP:0005306), Aortic root aneurysm (HP:0002616)-Capillary hemangioma (HP:0005306), Genu valgum (HP:0002857)-Genu valgum (HP:0002857), 	Proximity to HS2ST1 Genu valgum (HP:0002857)-cervical vertebral fusion (MP:0004620), 	
89	ZC3H11B_AD	ZC3H11B	643136	AD	0.3976	0.0246	0.3943	0.6000	0.0000	0.3943	0.0000	0.0000	0.3943	1.0000	0		Patent ductus arteriosus (HP:0001643)-abnormal heart shape (MP:0000277), Aortic root aneurysm (HP:0002616)-hemorrhage (MP:0001914), Genu valgum (HP:0002857)-syndactyly (MP:0000564), 				
89	ZC3H11B_AR	ZC3H11B	643136	AR	0.3976	0.0246	0.3943	0.6000	0.0000	0.3943	0.0000	0.0000	0.3943	1.0000	0		Patent ductus arteriosus (HP:0001643)-abnormal heart shape (MP:0000277), Aortic root aneurysm (HP:0002616)-hemorrhage (MP:0001914), Genu valgum (HP:0002857)-syndactyly (MP:0000564), 				
91	RECQL_AD	RECQL	5965	AD	0.4014	0.0236	0.2540	0.7540	0.2928	0.0000	0.0000	0.5081	0.5081	0.5000	0	RECON progeroid syndrome (OMIM:620370): Patent ductus arteriosus (HP:0001643)-Livedo reticularis (HP:0033505), Aortic root aneurysm (HP:0002616)-Livedo reticularis (HP:0033505), Genu valgum (HP:0002857)-Long thumb (HP:0032524), 			Proximity to RNASEH2A associated with Aicardi-Goutières syndrome (ORPHA:51): Patent ductus arteriosus (HP:0001643)-Aortic aneurysm (HP:0004942), Aortic root aneurysm (HP:0002616)-Aortic aneurysm (HP:0004942), Genu valgum (HP:0002857)-Arthritis (HP:0001369), 		
92	CSMD1_AD	CSMD1	64478	AD	0.4032	0.0231	0.5000	0.4732	0.0000	0.2829	0.0000	0.5000	0.5000	1.0000	0		Genu valgum (HP:0002857)-abnormal thoracic cage shape (MP:0010099), 		Proximity to SMAD6 associated with Aortic valve disease 2 (OMIM:614823): Patent ductus arteriosus (HP:0001643)-Coarctation of aorta (HP:0001680), Aortic root aneurysm (HP:0002616)-Aortic aneurysm (HP:0004942), Genu valgum (HP:0002857)-Bicuspid aortic valve (HP:0001647), 	Proximity to SMAD6 Patent ductus arteriosus (HP:0001643)-muscular ventricular septal defect (MP:0010420), Aortic root aneurysm (HP:0002616)-overriding aortic valve (MP:0000273), 	
93	KRT81_AD	KRT81	3887	AD	0.4081	0.0218	0.5000	0.4670	0.2328	0.0000	0.0000	0.5000	0.5000	1.0000	0	Monilethrix (OMIM:158000): Genu valgum (HP:0002857)-Nail dystrophy (HP:0008404), 			Proximity to SMAD6 associated with Aortic valve disease 2 (OMIM:614823): Patent ductus arteriosus (HP:0001643)-Coarctation of aorta (HP:0001680), Aortic root aneurysm (HP:0002616)-Aortic aneurysm (HP:0004942), Genu valgum (HP:0002857)-Bicuspid aortic valve (HP:0001647), 	Proximity to SMAD6 Patent ductus arteriosus (HP:0001643)-muscular ventricular septal defect (MP:0010420), Aortic root aneurysm (HP:0002616)-overriding aortic valve (MP:0000273), 	
94	GLE1_AD	GLE1	2733	AD	0.4175	0.0196	0.5002	0.4550	0.3845	0.2971	0.3079	0.5002	0.5002	1.0000	0	Lethal congenital contracture syndrome type 1 (ORPHA:1486): Genu valgum (HP:0002857)-Slender long bone (HP:0003100), 	Patent ductus arteriosus (HP:0001643)-increased heart weight (MP:0002833), Aortic root aneurysm (HP:0002616)-increased heart weight (MP:0002833), 	Patent ductus arteriosus (HP:0001643)-heart edematous, abnormal (ZP:0001192), Aortic root aneurysm (HP:0002616)-pericardium edematous, abnormal (ZP:0000038), Genu valgum (HP:0002857)-pectoral fin decreased size, abnormal (ZP:0001051), 	Proximity to SPTBN1 associated with Developmental delay, impaired speech, and behavioral abnormalities (OMIM:619475): Patent ductus arteriosus (HP:0001643)-Aortic aneurysm (HP:0004942), Aortic root aneurysm (HP:0002616)-Aortic aneurysm (HP:0004942), Genu valgum (HP:0002857)-Genu valgum (HP:0002857), 	Proximity to SPTBN1 Patent ductus arteriosus (HP:0001643)-ventricular septal defect (MP:0010402), Aortic root aneurysm (HP:0002616)-hemorrhage (MP:0001914), 	
95	RGS11_AR	RGS11	8786	AR	0.4232	0.0184	0.5006	0.4473	0.0000	0.0000	0.0000	0.5006	0.5006	1.0000	0				Proximity to GNA11 associated with Cutis marmorata telangiectatica congenita (ORPHA:1556): Patent ductus arteriosus (HP:0001643)-Patent ductus arteriosus (HP:0001643), Aortic root aneurysm (HP:0002616)-Arterial stenosis (HP:0100545), Genu valgum (HP:0002857)-Toe syndactyly (HP:0001770), 	Proximity to GNA11 Genu valgum (HP:0002857)-vertebral fusion (MP:0004609), 	
96	SEMA6C_AD	SEMA6C	10500	AD	0.4280	0.0174	0.3235	0.6418	0.0000	0.3235	0.0000	0.0000	0.3235	1.0000	0		Patent ductus arteriosus (HP:0001643)-enlarged heart (MP:0000274), Aortic root aneurysm (HP:0002616)-enlarged heart (MP:0000274), 				
97	PTH1R_AD	PTH1R	5745	AD	0.4287	0.0173	0.5150	0.4240	0.5877	0.4598	0.4400	0.5056	0.5877	1.0000	0	Chondrodysplasia, Blomstrand type (OMIM:215045): Patent ductus arteriosus (HP:0001643)-Preductal coarctation of the aorta (HP:0005151), Aortic root aneurysm (HP:0002616)-Preductal coarctation of the aorta (HP:0005151), Genu valgum (HP:0002857)-Flared metaphysis (HP:0003015), 	Patent ductus arteriosus (HP:0001643)-abnormal vertebral artery topology (MP:0014001), Aortic root aneurysm (HP:0002616)-abnormal inferior vena cava valve morphology (MP:0010490), 	Patent ductus arteriosus (HP:0001643)-dorsal aorta closed, abnormal (ZP:0000529), Aortic root aneurysm (HP:0002616)-dorsal aorta closed, abnormal (ZP:0000529), 	Proximity to NKX3-2 associated with Spondylo-megaepiphyseal-metaphyseal dysplasia (OMIM:613330): Genu valgum (HP:0002857)-Genu valgum (HP:0002857), 	Proximity to NKX3-2 Genu valgum (HP:0002857)-vertebral compression (MP:0004626), 	Proximity to NKX3-2 Genu valgum (HP:0002857)-Meckel's cartilage malformed, abnormal (ZP:0000126), 
97	USP40_AD	USP40	55230	AD	0.4287	0.0173	0.5001	0.4408	0.0000	0.0000	0.2870	0.5001	0.5001	1.0000	0			Patent ductus arteriosus (HP:0001643)-pericardium edematous, abnormal (ZP:0000038), Aortic root aneurysm (HP:0002616)-pericardium edematous, abnormal (ZP:0000038), Genu valgum (HP:0002857)-post-vent region curved dorsal, abnormal (ZP:0001255), 	Proximity to PHEX associated with Hypophosphatemic rickets, X-linked dominant (OMIM:307800): Patent ductus arteriosus (HP:0001643)-Hepatosplenomegaly (HP:0001433), Aortic root aneurysm (HP:0002616)-Hepatosplenomegaly (HP:0001433), Genu valgum (HP:0002857)-Genu valgum (HP:0002857), 	Proximity to PHEX Genu valgum (HP:0002857)-camptomelia (MP:0011505), 	
99	COL22A1_AR	COL22A1	169044	AR	0.4327	0.0165	0.5056	0.4295	0.0000	0.0000	0.0000	0.5056	0.5056	1.0000	0				Proximity to COL10A1 associated with Metaphyseal chondrodysplasia, Schmid type (OMIM:156500): Genu valgum (HP:0002857)-Genu valgum (HP:0002857), 	Proximity to COL10A1 Genu valgum (HP:0002857)-short femur (MP:0003109), 	
100	DCHS1_AD	DCHS1	8642	AD	0.4331	0.0164	0.5001	0.4353	0.3726	0.3373	0.2061	0.5001	0.5001	1.0000	0	Cerebrofacioarticular syndrome (ORPHA:314679): Patent ductus arteriosus (HP:0001643)-Pulmonic stenosis (HP:0001642), Aortic root aneurysm (HP:0002616)-Abnormal heart morphology (HP:0001627), Genu valgum (HP:0002857)-Caudal appendage (HP:0002825), 	Patent ductus arteriosus (HP:0001643)-thick mitral valve cusps (MP:0010617), Aortic root aneurysm (HP:0002616)-mitral valve prolapse (MP:0006120), 	Genu valgum (HP:0002857)-medial-lateral axis notochord increased width, abnormal (ZP:0019033), 	Proximity to LSM11 associated with Aicardi-Goutières syndrome (ORPHA:51): Patent ductus arteriosus (HP:0001643)-Aortic aneurysm (HP:0004942), Aortic root aneurysm (HP:0002616)-Aortic aneurysm (HP:0004942), Genu valgum (HP:0002857)-Arthritis (HP:0001369), 		
101	TUBGCP6_AD	TUBGCP6	85378	AD	0.4340	0.0163	0.2511	0.7159	0.3272	0.0000	0.0000	0.5022	0.5022	0.5000	0	Microcephaly and chorioretinopathy, autosomal recessive, 1 (OMIM:251270): Patent ductus arteriosus (HP:0001643)-Chorioretinal dysplasia (HP:0007731), Aortic root aneurysm (HP:0002616)-Chorioretinal dysplasia (HP:0007731), Genu valgum (HP:0002857)-Sloping forehead (HP:0000340), 			Proximity to PCNT associated with Microcephalic osteodysplastic primordial dwarfism type II (ORPHA:2637): Patent ductus arteriosus (HP:0001643)-Patent ductus arteriosus (HP:0001643), Aortic root aneurysm (HP:0002616)-Vascular dilatation (HP:0002617), Genu valgum (HP:0002857)-Abnormal metaphysis morphology (HP:0000944), 	Proximity to PCNT Patent ductus arteriosus (HP:0001643)-ventricular septal defect (MP:0010402), Aortic root aneurysm (HP:0002616)-overriding aortic valve (MP:0000273), Genu valgum (HP:0002857)-syndactyly (MP:0000564), 	
102	CDK11B_AD	CDK11B	984	AD	0.4341	0.0162	0.0000	1.0000	0.0000	0.0000	0.0000	0.0000	0.0000	1.0000	0						
102	CELA1_AR	CELA1	1990	AR	0.4341	0.0162	0.0000	1.0000	0.0000	0.0000	0.0000	0.0000	0.0000	1.0000	0						
102	HLA-DQA1_AD	HLA-DQA1	3117	AD	0.4341	0.0162	0.0000	1.0000	0.2045	0.0000	0.0000	0.0000	0.2045	0.5000	0	Celiac disease, susceptibility to (OMIM:212750): Patent ductus arteriosus (HP:0001643)-Eczematoid dermatitis (HP:0000964), Aortic root aneurysm (HP:0002616)-Eczematoid dermatitis (HP:0000964), 					
102	NUTM2A_AR	NUTM2A	728118	AR	0.4341	0.0162	0.0000	1.0000	0.0000	0.0000	0.0000	0.0000	0.0000	1.0000	0						
102	BAG6_AD	BAG6	7917	AD	0.4344	0.0162	0.0000	0.9996	0.0000	0.0000	0.0000	0.0000	0.0000	1.0000	0						
102	TLR10_AD	TLR10	81793	AD	0.4345	0.0162	0.0000	0.9995	0.0000	0.0000	0.0000	0.0000	0.0000	1.0000	0						
108	DCAF5_AD	DCAF5	8816	AD	0.4427	0.0150	0.5029	0.4222	0.0000	0.4788	0.0000	0.5029	0.5029	1.0000	0		Patent ductus arteriosus (HP:0001643)-enlarged heart (MP:0000274), Aortic root aneurysm (HP:0002616)-enlarged heart (MP:0000274), Genu valgum (HP:0002857)-short tibia (MP:0002764), 		Proximity to ERCC8 associated with Cockayne syndrome type 3 (ORPHA:90324): Patent ductus arteriosus (HP:0001643)-Premature coronary artery atherosclerosis (HP:0005181), Aortic root aneurysm (HP:0002616)-Aortic root aneurysm (HP:0002616), Genu valgum (HP:0002857)-Macrotia (HP:0000400), 	Proximity to ERCC8 Genu valgum (HP:0002857)-cochlear inner hair cell degeneration (MP:0004398), 	
109	ARHGAP8_AD	ARHGAP8	23779	AD	0.4525	0.0138	0.5013	0.4143	0.0000	0.0000	0.0000	0.5013	0.5013	1.0000	0				Proximity to SOS2 associated with Noonan syndrome (ORPHA:648): Patent ductus arteriosus (HP:0001643)-Patent ductus arteriosus (HP:0001643), Aortic root aneurysm (HP:0002616)-Coarctation of aorta (HP:0001680), Genu valgum (HP:0002857)-Radioulnar synostosis (HP:0002974), 		Proximity to SOS2 Patent ductus arteriosus (HP:0001643)-pericardium edematous, abnormal (ZP:0000038), Aortic root aneurysm (HP:0002616)-pericardium edematous, abnormal (ZP:0000038), 
110	PRAMEF13_AR	PRAMEF13	400736	AR	0.4584	0.0130	0.3319	0.6000	0.0000	0.3319	0.0000	0.0000	0.3319	1.0000	0		Patent ductus arteriosus (HP:0001643)-small heart (MP:0002188), Aortic root aneurysm (HP:0002616)-small heart (MP:0002188), 				
111	CYP7A1_AD	CYP7A1	1581	AD	0.4693	0.0118	0.5182	0.3782	0.0000	0.2890	0.0000	0.5182	0.5182	1.0000	0		Patent ductus arteriosus (HP:0001643)-abnormal retina vasculature morphology (MP:0002792), Aortic root aneurysm (HP:0002616)-abnormal retina vasculature morphology (MP:0002792), 		Proximity to ABCG8 associated with Homozygous familial hypercholesterolemia (ORPHA:391665): Patent ductus arteriosus (HP:0001643)-Coronary artery aneurysm (HP:0030882), Aortic root aneurysm (HP:0002616)-Aortic atherosclerotic lesion (HP:0012397), 	Proximity to ABCG8 Patent ductus arteriosus (HP:0001643)-abnormal heart left ventricle morphology (MP:0003921), Aortic root aneurysm (HP:0002616)-increased cardiac muscle contractility (MP:0005599), 	
112	POTEI_AR	POTEI	653269	AR	0.4801	0.0107	0.5028	0.3850	0.0000	0.0000	0.0000	0.5028	0.5028	1.0000	0				Proximity to CFL2 associated with Typical nemaline myopathy (ORPHA:171436): Genu valgum (HP:0002857)-Genu valgum (HP:0002857), 		
113	ATP10B_AD	ATP10B	23120	AD	0.4850	0.0102	0.5000	0.3832	0.0000	0.0000	0.0000	0.5000	0.5000	1.0000	0				Proximity to SMARCA4 associated with Coffin-Siris syndrome 4 (OMIM:614609): Patent ductus arteriosus (HP:0001643)-Patent ductus arteriosus (HP:0001643), Aortic root aneurysm (HP:0002616)-Patent ductus arteriosus (HP:0001643), Genu valgum (HP:0002857)-Prominent interphalangeal joints (HP:0006237), 	Proximity to SMARCA4 Patent ductus arteriosus (HP:0001643)-patent ductus arteriosus (MP:0003139), Aortic root aneurysm (HP:0002616)-patent ductus arteriosus (MP:0003139), 	Proximity to SMARCA4 Patent ductus arteriosus (HP:0001643)-atrioventricular canal increased length, abnormal (ZP:0004995), Aortic root aneurysm (HP:0002616)-pericardium edematous, abnormal (ZP:0000038), Genu valgum (HP:0002857)-post-vent region curved dorsal, abnormal (ZP:0001255), 
114	FFAR3_AD	FFAR3	2865	AD	0.4952	0.0093	0.5014	0.3713	0.0000	0.3113	0.0000	0.5014	0.5014	1.0000	0		Patent ductus arteriosus (HP:0001643)-abnormal heart rate (MP:0001629), Aortic root aneurysm (HP:0002616)-abnormal heart rate (MP:0001629), 		Proximity to CHRM3 associated with Prune belly syndrome (OMIM:100100): Patent ductus arteriosus (HP:0001643)-Patent ductus arteriosus (HP:0001643), Aortic root aneurysm (HP:0002616)-Patent ductus arteriosus (HP:0001643), Genu valgum (HP:0002857)-Congenital hip dislocation (HP:0001374), 	Proximity to CHRM3 Patent ductus arteriosus (HP:0001643)-decreased vasodilation (MP:0005591), Aortic root aneurysm (HP:0002616)-decreased vasodilation (MP:0005591), 	Proximity to CHRM3 Patent ductus arteriosus (HP:0001643)-heart edematous, abnormal (ZP:0001192), Aortic root aneurysm (HP:0002616)-heart edematous, abnormal (ZP:0001192), 
115	DGKG_AD	DGKG	1608	AD	0.4973	0.0091	0.5006	0.3702	0.0000	0.0000	0.0000	0.5006	0.5006	1.0000	0				Proximity to PLCB3 associated with Spondylometaphyseal dysplasia with corneal dystrophy (OMIM:618961): Patent ductus arteriosus (HP:0001643)-Patent ductus arteriosus (HP:0001643), Aortic root aneurysm (HP:0002616)-Patent ductus arteriosus (HP:0001643), Genu valgum (HP:0002857)-Coarse metaphyseal trabecularization (HP:0100670), 		Proximity to PLCB3 Patent ductus arteriosus (HP:0001643)-mouth open, abnormal (ZP:0005097), Genu valgum (HP:0002857)-ceratohyal-branchiostegal ray joint morphology, abnormal (ZP:0000935), 
116	COL22A1_AD	COL22A1	169044	AD	0.5023	0.0087	0.5056	0.3594	0.0000	0.0000	0.0000	0.5056	0.5056	1.0000	0				Proximity to COL10A1 associated with Metaphyseal chondrodysplasia, Schmid type (OMIM:156500): Genu valgum (HP:0002857)-Genu valgum (HP:0002857), 	Proximity to COL10A1 Genu valgum (HP:0002857)-short femur (MP:0003109), 	
117	GMEB2_AD	GMEB2	26205	AD	0.5047	0.0085	0.5000	0.3634	0.0000	0.0000	0.0000	0.5000	0.5000	1.0000	0				Proximity to SOX4 associated with Coffin-Siris syndrome (ORPHA:1465): Patent ductus arteriosus (HP:0001643)-Patent ductus arteriosus (HP:0001643), Aortic root aneurysm (HP:0002616)-Patent ductus arteriosus (HP:0001643), Genu valgum (HP:0002857)-Hypoplastic fifth toenail (HP:0011937), 	Proximity to SOX4 Patent ductus arteriosus (HP:0001643)-abnormal coronary artery morphology (MP:0004111), Aortic root aneurysm (HP:0002616)-persistent right dorsal aorta (MP:0010572), Genu valgum (HP:0002857)-abnormal B cell differentiation (MP:0002144), 	
118	GALNT1_AD	GALNT1	2589	AD	0.5091	0.0082	0.5044	0.3542	0.0000	0.4717	0.0000	0.5044	0.5044	1.0000	0		Patent ductus arteriosus (HP:0001643)-dilated ascending aorta (MP:0010470), Aortic root aneurysm (HP:0002616)-dilated ascending aorta (MP:0010470), Genu valgum (HP:0002857)-decreased basophil cell number (MP:0002607), 		Proximity to GALNT3 associated with Tumoral calcinosis, hyperphosphatemic, familial, 1 (OMIM:211900): Patent ductus arteriosus (HP:0001643)-Vascular calcification (HP:0004934), Aortic root aneurysm (HP:0002616)-Vascular calcification (HP:0004934), 	Proximity to GALNT3 Patent ductus arteriosus (HP:0001643)-calcified aorta (MP:0010522), Aortic root aneurysm (HP:0002616)-calcified aorta (MP:0010522), Genu valgum (HP:0002857)-increased compact bone volume (MP:0010964), 	
118	ACE_AD	ACE	1636	AD	0.5094	0.0082	0.2512	0.6406	0.3055	0.4396	0.0000	0.5023	0.5023	0.5000	0	Renal tubular dysgenesis (OMIM:267430): Patent ductus arteriosus (HP:0001643)-Hypotension (HP:0002615), Aortic root aneurysm (HP:0002616)-Hypotension (HP:0002615), Genu valgum (HP:0002857)-Widely patent fontanelles and sutures (HP:0004492), 	Patent ductus arteriosus (HP:0001643)-abnormal kidney arterial blood vessel morphology (MP:0011309), Aortic root aneurysm (HP:0002616)-abnormal renal artery morphology (MP:0011317), 		Proximity to COMT associated with 22q11.2 deletion syndrome (ORPHA:567): Patent ductus arteriosus (HP:0001643)-Patent ductus arteriosus (HP:0001643), Aortic root aneurysm (HP:0002616)-Abnormal aortic arch morphology (HP:0012303), Genu valgum (HP:0002857)-Patellar dislocation (HP:0002999), 	Proximity to COMT Patent ductus arteriosus (HP:0001643)-abnormal placenta vasculature (MP:0003231), Aortic root aneurysm (HP:0002616)-abnormal placenta vasculature (MP:0003231), 	
120	MIGA2_AD	MIGA2	84895	AD	0.5183	0.0076	0.2199	0.6673	0.0000	0.2199	0.0000	0.0000	0.2199	1.0000	0		Genu valgum (HP:0002857)-decreased bone mineral density (MP:0000063), 				
121	TRAP1_AD	TRAP1	10131	AD	0.5323	0.0067	0.5606	0.2677	0.0000	0.0000	0.0000	0.5606	0.5606	1.0000	0				Proximity to TMTC3 associated with Periventricular nodular heterotopia (ORPHA:98892): Patent ductus arteriosus (HP:0001643)-Patent ductus arteriosus (HP:0001643), Aortic root aneurysm (HP:0002616)-Aortic aneurysm (HP:0004942), Genu valgum (HP:0002857)-Patellar dislocation (HP:0002999), 	Proximity to TMTC3 Patent ductus arteriosus (HP:0001643)-abnormal sinus arrhythmia (MP:0004122), Aortic root aneurysm (HP:0002616)-abnormal sinus arrhythmia (MP:0004122), 	
121	ATF7IP_AD	ATF7IP	55729	AD	0.5325	0.0067	0.5001	0.3360	0.0000	0.0000	0.0000	0.5001	0.5001	1.0000	0				Proximity to CHD7 associated with CHARGE syndrome (ORPHA:138): Patent ductus arteriosus (HP:0001643)-Patent ductus arteriosus (HP:0001643), Aortic root aneurysm (HP:0002616)-Aortic arch aneurysm (HP:0005113), Genu valgum (HP:0002857)-Abnormal tibia morphology (HP:0002992), 	Proximity to CHD7 Patent ductus arteriosus (HP:0001643)-aorta coarctation (MP:0003387), Aortic root aneurysm (HP:0002616)-aorta coarctation (MP:0003387), 	Proximity to CHD7 Patent ductus arteriosus (HP:0001643)-heart morphology, abnormal (ZP:0000107), Aortic root aneurysm (HP:0002616)-intersegmental vessel irregular spatial pattern, abnormal (ZP:0005054), Genu valgum (HP:0002857)-pectoral fin hypoplastic, abnormal (ZP:0007499), 
123	KRT6C_AD	KRT6C	286887	AD	0.5642	0.0050	0.1989	0.6450	0.1989	0.0000	0.0000	0.0000	0.1989	1.0000	0	Palmoplantar keratoderma, nonepidermolytic, focal or diffuse (OMIM:615735): Genu valgum (HP:0002857)-Plantar hyperkeratosis (HP:0007556), 					
124	ATP8A2_AD	ATP8A2	51761	AD	0.5702	0.0047	0.2500	0.5811	0.0000	0.0000	0.0000	0.5000	0.5000	0.5000	0				Proximity to HBB associated with Dominant beta-thalassemia (ORPHA:231226): Patent ductus arteriosus (HP:0001643)-Dilated cardiomyopathy (HP:0001644), Aortic root aneurysm (HP:0002616)-Dilated cardiomyopathy (HP:0001644), Genu valgum (HP:0002857)-Genu valgum (HP:0002857), 	Proximity to HBB Genu valgum (HP:0002857)-poikilocytosis (MP:0002643), 	
125	PLXNA1_AD	PLXNA1	5361	AD	0.5837	0.0042	0.2585	0.5579	0.3753	0.3457	0.3552	0.5170	0.5170	0.5000	0	Dworschak-Punetha neurodevelopmental syndrome (OMIM:619955): Patent ductus arteriosus (HP:0001643)-Dilation of Virchow-Robin spaces (HP:0012520), Aortic root aneurysm (HP:0002616)-Dilation of Virchow-Robin spaces (HP:0012520), Genu valgum (HP:0002857)-Depressed nasal bridge (HP:0005280), 	Patent ductus arteriosus (HP:0001643)-abnormal lymphatic vessel morphology (MP:0001879), Aortic root aneurysm (HP:0002616)-abnormal lymphatic vessel morphology (MP:0001879), 	Patent ductus arteriosus (HP:0001643)-angiogenic sprout intersegmental vessel morphology, abnormal (ZP:0103280), Aortic root aneurysm (HP:0002616)-angiogenic sprout intersegmental vessel morphology, abnormal (ZP:0103280), Genu valgum (HP:0002857)-epithelial cell regenerating fin apoptotic, abnormal (ZP:0102468), 	Proximity to SEMA3E associated with CHARGE syndrome (ORPHA:138): Patent ductus arteriosus (HP:0001643)-Patent ductus arteriosus (HP:0001643), Aortic root aneurysm (HP:0002616)-Aortic arch aneurysm (HP:0005113), Genu valgum (HP:0002857)-Abnormal tibia morphology (HP:0002992), 	Proximity to SEMA3E Patent ductus arteriosus (HP:0001643)-abnormal intersomitic vessel morphology (MP:0012253), Aortic root aneurysm (HP:0002616)-abnormal intersomitic vessel morphology (MP:0012253), 	Proximity to SEMA3E Patent ductus arteriosus (HP:0001643)-axial vasculature has fewer parts of type intersegmental vessel, abnormal (ZP:0004430), Aortic root aneurysm (HP:0002616)-axial vasculature has fewer parts of type intersegmental vessel, abnormal (ZP:0004430), 
126	TTC39C_AD	TTC39C	125488	AD	0.5842	0.0041	0.2497	0.5674	0.0000	0.2497	0.2332	0.0000	0.2497	1.0000	0		Genu valgum (HP:0002857)-irregularly shaped pupil (MP:0001319), 	Genu valgum (HP:0002857)-trunk curved, abnormal (ZP:0002347), 			
126	KRTAP4-8_AR	KRTAP4-8	728224	AR	0.5842	0.0041	0.0000	0.8500	0.0000	0.0000	0.0000	0.0000	0.0000	1.0000	0						
126	PCDHB10_AR	PCDHB10	56126	AR	0.5842	0.0041	0.0000	0.8500	0.0000	0.0000	0.0000	0.0000	0.0000	1.0000	0						
126	GPR42_AD	GPR42	2866	AD	0.5849	0.0041	0.3113	0.4970	0.0000	0.3113	0.0000	0.0000	0.3113	1.0000	0		Patent ductus arteriosus (HP:0001643)-abnormal heart rate (MP:0001629), Aortic root aneurysm (HP:0002616)-abnormal heart rate (MP:0001629), 				
130	DOCK9_AD	DOCK9	23348	AD	0.5913	0.0039	0.5000	0.2769	0.0000	0.2062	0.0000	0.5000	0.5000	1.0000	0		Genu valgum (HP:0002857)-increased bone mineral density (MP:0000062), 		Proximity to CRKL associated with Distal 22q11.2 microdeletion syndrome (ORPHA:261330): Patent ductus arteriosus (HP:0001643)-Truncus arteriosus (HP:0001660), Aortic root aneurysm (HP:0002616)-Aortic aneurysm (HP:0004942), Genu valgum (HP:0002857)-Bowing of the long bones (HP:0006487), 	Proximity to CRKL Patent ductus arteriosus (HP:0001643)-ventricular septal defect (MP:0010402), Aortic root aneurysm (HP:0002616)-abnormal aortic arch morphology (MP:0004113), Genu valgum (HP:0002857)-increased cranium width (MP:0000441), 	
131	WASHC2A_AD	WASHC2A	387680	AD	0.5963	0.0037	0.5006	0.2710	0.0000	0.0000	0.0000	0.5006	0.5006	1.0000	0				Proximity to NIPA1 associated with 15q11.2 microdeletion syndrome (ORPHA:261183): Patent ductus arteriosus (HP:0001643)-Coarctation of aorta (HP:0001680), Aortic root aneurysm (HP:0002616)-Coarctation of aorta (HP:0001680), Genu valgum (HP:0002857)-Abnormal pinna morphology (HP:0000377), 		
131	DDX51_AD	DDX51	317781	AD	0.5975	0.0037	0.5000	0.2704	0.0000	0.0000	0.2197	0.5000	0.5000	1.0000	0			Patent ductus arteriosus (HP:0001643)-pericardium edematous, abnormal (ZP:0000038), Aortic root aneurysm (HP:0002616)-pericardium edematous, abnormal (ZP:0000038), 	Proximity to DOHH associated with Neurodevelopmental disorder with microcephaly, cerebral atrophy, and visual impairment (OMIM:620066): Patent ductus arteriosus (HP:0001643)-Coarctation of aorta (HP:0001680), Aortic root aneurysm (HP:0002616)-Coarctation of aorta (HP:0001680), Genu valgum (HP:0002857)-Bicuspid aortic valve (HP:0001647), 		
133	THSD4_AR	THSD4	79875	AR	0.6030	0.0035	0.2785	0.5156	0.8348	0.5570	0.0000	0.0000	0.8348	0.5000	0	Aortic aneurysm, familial thoracic 12 (OMIM:619825): Patent ductus arteriosus (HP:0001643)-Ascending aortic dissection (HP:0004933), Aortic root aneurysm (HP:0002616)-Aortic root aneurysm (HP:0002616), Genu valgum (HP:0002857)-Arthritis (HP:0001369), 	Patent ductus arteriosus (HP:0001643)-descending aorta dilation (MP:0010473), Aortic root aneurysm (HP:0002616)-descending aorta dilation (MP:0010473), 				
134	FFAR3_AR	FFAR3	2865	AR	0.6091	0.0033	0.5014	0.2572	0.0000	0.3113	0.0000	0.5014	0.5014	1.0000	0		Patent ductus arteriosus (HP:0001643)-abnormal heart rate (MP:0001629), Aortic root aneurysm (HP:0002616)-abnormal heart rate (MP:0001629), 		Proximity to CHRM3 associated with Prune belly syndrome (OMIM:100100): Patent ductus arteriosus (HP:0001643)-Patent ductus arteriosus (HP:0001643), Aortic root aneurysm (HP:0002616)-Patent ductus arteriosus (HP:0001643), Genu valgum (HP:0002857)-Congenital hip dislocation (HP:0001374), 	Proximity to CHRM3 Patent ductus arteriosus (HP:0001643)-decreased vasodilation (MP:0005591), Aortic root aneurysm (HP:0002616)-decreased vasodilation (MP:0005591), 	Proximity to CHRM3 Patent ductus arteriosus (HP:0001643)-heart edematous, abnormal (ZP:0001192), Aortic root aneurysm (HP:0002616)-heart edematous, abnormal (ZP:0001192), 
135	RAD51AP2_AD	RAD51AP2	729475	AD	0.6128	0.0032	0.5011	0.2539	0.0000	0.0000	0.0000	0.5011	0.5011	1.0000	0				Proximity to RAD51 associated with Fanconi anemia (ORPHA:84): Patent ductus arteriosus (HP:0001643)-Patent ductus arteriosus (HP:0001643), Aortic root aneurysm (HP:0002616)-Abnormal aortic morphology (HP:0001679), Genu valgum (HP:0002857)-Hip dislocation (HP:0002827), 		
136	LYVE1_AR	LYVE1	10894	AR	0.6166	0.0031	0.5118	0.2380	0.0000	0.3435	0.2798	0.5118	0.5118	1.0000	0		Patent ductus arteriosus (HP:0001643)-lymphangiectasis (MP:0004038), Aortic root aneurysm (HP:0002616)-lymphangiectasis (MP:0004038), 	Patent ductus arteriosus (HP:0001643)-thoracic duct agenesis, abnormal (ZP:0011802), Aortic root aneurysm (HP:0002616)-thoracic duct agenesis, abnormal (ZP:0011802), 	Proximity to PDPN associated with 1p36 deletion syndrome (ORPHA:1606): Patent ductus arteriosus (HP:0001643)-Patent ductus arteriosus (HP:0001643), Aortic root aneurysm (HP:0002616)-Aortic arch aneurysm (HP:0005113), Genu valgum (HP:0002857)-Hip dysplasia (HP:0001385), 	Proximity to PDPN Patent ductus arteriosus (HP:0001643)-abnormal coronary artery morphology (MP:0004111), Aortic root aneurysm (HP:0002616)-abnormal coronary artery morphology (MP:0004111), 	
136	SBNO2_AR	SBNO2	22904	AR	0.6172	0.0031	0.5009	0.2497	0.0000	0.2471	0.2233	0.5009	0.5009	1.0000	0		Genu valgum (HP:0002857)-increased bone volume (MP:0010875), 	Genu valgum (HP:0002857)-post-vent region curved ventral, abnormal (ZP:0000638), 	Proximity to NOTCH3 associated with Lateral meningocele syndrome (OMIM:130720): Patent ductus arteriosus (HP:0001643)-Patent ductus arteriosus (HP:0001643), Aortic root aneurysm (HP:0002616)-Aortic aneurysm (HP:0004942), Genu valgum (HP:0002857)-Vertebral fusion (HP:0002948), 	Proximity to NOTCH3 Patent ductus arteriosus (HP:0001643)-abnormal artery morphology (MP:0002191), Aortic root aneurysm (HP:0002616)-abnormal artery morphology (MP:0002191), 	Proximity to NOTCH3 Patent ductus arteriosus (HP:0001643)-caudal fin blood vessel hemorrhagic, abnormal (ZP:0000299), Aortic root aneurysm (HP:0002616)-caudal fin blood vessel hemorrhagic, abnormal (ZP:0000299), Genu valgum (HP:0002857)-whole organism curved, abnormal (ZP:0001448), 
138	CHGA_AD	CHGA	1113	AD	0.6183	0.0030	0.5000	0.2497	0.0000	0.3369	0.0000	0.5000	0.5000	1.0000	0		Patent ductus arteriosus (HP:0001643)-dilated heart left ventricle (MP:0002753), Aortic root aneurysm (HP:0002616)-hypertension (MP:0000231), 		Proximity to ZNF148 associated with Global developmental delay, absent or hypoplastic corpus callosum, and dysmorphic facies (OMIM:617260): Patent ductus arteriosus (HP:0001643)-Patent ductus arteriosus (HP:0001643), Aortic root aneurysm (HP:0002616)-Coarctation of aorta (HP:0001680), Genu valgum (HP:0002857)-Pes planus (HP:0001763), 	Proximity to ZNF148 Patent ductus arteriosus (HP:0001643)-abnormal vitelline vasculature morphology (MP:0003229), Aortic root aneurysm (HP:0002616)-abnormal vitelline vasculature morphology (MP:0003229), 	Proximity to ZNF148 Patent ductus arteriosus (HP:0001643)-pericardium edematous, abnormal (ZP:0000038), Aortic root aneurysm (HP:0002616)-pericardium edematous, abnormal (ZP:0000038), 
138	TMEM254_AD	TMEM254	80195	AD	0.6200	0.0030	0.5000	0.2479	0.0000	0.0000	0.0000	0.5000	0.5000	1.0000	0				Proximity to POLR1A associated with Acrofacial dysostosis, Cincinnati type (OMIM:616462): Patent ductus arteriosus (HP:0001643)-Patent ductus arteriosus (HP:0001643), Aortic root aneurysm (HP:0002616)-Aortic aneurysm (HP:0004942), Genu valgum (HP:0002857)-Femoral bowing (HP:0002980), 		Proximity to POLR1A Patent ductus arteriosus (HP:0001643)-pericardium edematous, abnormal (ZP:0000038), Aortic root aneurysm (HP:0002616)-pericardium edematous, abnormal (ZP:0000038), Genu valgum (HP:0002857)-pectoral fin decreased size, abnormal (ZP:0001051), 
140	FAM153A_AR	FAM153A	285596	AR	0.6341	0.0026	0.0000	0.8000	0.0000	0.0000	0.0000	0.0000	0.0000	1.0000	0						
140	POM121C_AD	POM121C	100101267	AD	0.6341	0.0026	0.0000	0.8000	0.0000	0.0000	0.0000	0.0000	0.0000	1.0000	0						
140	SPDYE6_AD	SPDYE6	729597	AD	0.6341	0.0026	0.0000	0.8000	0.0000	0.0000	0.0000	0.0000	0.0000	1.0000	0						
140	SYT15B_AR	SYT15B	102724488	AR	0.6341	0.0026	0.0000	0.8000	0.0000	0.0000	0.0000	0.0000	0.0000	1.0000	0						
140	TTN_AR	TTN	7273	AR	0.6343	0.0026	0.4202	0.3242	0.4202	0.4199	0.3607	0.0000	0.4202	1.0000	0	Autosomal recessive centronuclear myopathy (ORPHA:169186): Patent ductus arteriosus (HP:0001643)-Abnormal heart valve morphology (HP:0001654), Aortic root aneurysm (HP:0002616)-Abnormal heart valve morphology (HP:0001654), Genu valgum (HP:0002857)-Pes cavus (HP:0001761), 	Patent ductus arteriosus (HP:0001643)-abnormal dorsal aorta morphology (MP:0004787), Aortic root aneurysm (HP:0002616)-abnormal blood vessel morphology (MP:0001614), 	Patent ductus arteriosus (HP:0001643)-atrium morphology, abnormal (ZP:0011757), Aortic root aneurysm (HP:0002616)-pericardium edematous, abnormal (ZP:0000038), 			
145	HBG1_AD	HBG1	3047	AD	0.6375	0.0025	0.5004	0.2300	0.2557	0.0000	0.0000	0.5004	0.5004	1.0000	0	Hereditary persistence of fetal hemoglobin-sickle cell disease syndrome (ORPHA:251380): Patent ductus arteriosus (HP:0001643)-Splenic infarction (HP:0034336), Aortic root aneurysm (HP:0002616)-Splenic infarction (HP:0034336), 			Proximity to SHOX associated with SHOX-related short stature (ORPHA:314795): Genu valgum (HP:0002857)-Genu valgum (HP:0002857), 		Proximity to SHOX Genu valgum (HP:0002857)-pectoral fin decreased size, abnormal (ZP:0001051), 
146	JUND_AD	JUND	3727	AD	0.6437	0.0024	0.5031	0.2207	0.0000	0.2920	0.0000	0.5031	0.5031	1.0000	0		Patent ductus arteriosus (HP:0001643)-decreased response of heart to induced stress (MP:0004486), Aortic root aneurysm (HP:0002616)-decreased response of heart to induced stress (MP:0004486), 		Proximity to NPPA associated with Atrial standstill 2 (OMIM:615745): Patent ductus arteriosus (HP:0001643)-Dilatation of the ventricular cavity (HP:0006698), Aortic root aneurysm (HP:0002616)-Vascular dilatation (HP:0002617), 	Proximity to NPPA Patent ductus arteriosus (HP:0001643)-abnormal vascular smooth muscle morphology (MP:0005592), Aortic root aneurysm (HP:0002616)-abnormal vascular smooth muscle morphology (MP:0005592), 	
147	IVL_AR	IVL	3713	AR	0.6467	0.0023	0.5002	0.2209	0.0000	0.3235	0.0000	0.5002	0.5002	1.0000	0		Patent ductus arteriosus (HP:0001643)-enlarged heart (MP:0000274), Aortic root aneurysm (HP:0002616)-enlarged heart (MP:0000274), 		Proximity to NSD1 associated with Sotos syndrome (ORPHA:821): Patent ductus arteriosus (HP:0001643)-Patent ductus arteriosus (HP:0001643), Aortic root aneurysm (HP:0002616)-Aortic aneurysm (HP:0004942), Genu valgum (HP:0002857)-Hip contracture (HP:0003273), 		
147	USP17L30_AR	USP17L30	728419	AR	0.6470	0.0023	0.5004	0.2203	0.0000	0.0000	0.0000	0.5004	0.5004	1.0000	0				Proximity to ZMPSTE24 associated with Restrictive dermopathy (ORPHA:1662): Patent ductus arteriosus (HP:0001643)-Patent ductus arteriosus (HP:0001643), Aortic root aneurysm (HP:0002616)-Ascending tubular aorta aneurysm (HP:0004970), Genu valgum (HP:0002857)-Thin clavicles (HP:0006645), 	Proximity to ZMPSTE24 Patent ductus arteriosus (HP:0001643)-thin ventricular wall (MP:0000280), Aortic root aneurysm (HP:0002616)-cardiac interstitial fibrosis (MP:0005608), Genu valgum (HP:0002857)-abnormal tibia morphology (MP:0000558), 	
147	NFASC_AR	NFASC	23114	AR	0.6479	0.0023	0.5048	0.2145	0.2658	0.0000	0.0000	0.5048	0.5048	1.0000	0	Neurodevelopmental disorder with central and peripheral motor dysfunction (OMIM:618356): Patent ductus arteriosus (HP:0001643)-Cleft palate (HP:0000175), Genu valgum (HP:0002857)-Small anterior fontanelle (HP:0000237), 			Proximity to SPTBN1 associated with Developmental delay, impaired speech, and behavioral abnormalities (OMIM:619475): Patent ductus arteriosus (HP:0001643)-Aortic aneurysm (HP:0004942), Aortic root aneurysm (HP:0002616)-Aortic aneurysm (HP:0004942), Genu valgum (HP:0002857)-Genu valgum (HP:0002857), 	Proximity to SPTBN1 Patent ductus arteriosus (HP:0001643)-ventricular septal defect (MP:0010402), Aortic root aneurysm (HP:0002616)-hemorrhage (MP:0001914), 	
150	COL4A2_AR	COL4A2	1284	AR	0.6533	0.0022	0.2529	0.4944	0.3266	0.5009	0.0000	0.5057	0.5057	0.5000	0	Brain small vessel disease 2 (OMIM:614483): Patent ductus arteriosus (HP:0001643)-Intracranial hemorrhage (HP:0002170), Aortic root aneurysm (HP:0002616)-Intracranial hemorrhage (HP:0002170), 	Patent ductus arteriosus (HP:0001643)-muscular ventricular septal defect (MP:0010420), Aortic root aneurysm (HP:0002616)-abnormal inferior vena cava morphology (MP:0006063), Genu valgum (HP:0002857)-fusion of vertebral arches (MP:0004613), 		Proximity to COL10A1 associated with Metaphyseal chondrodysplasia, Schmid type (OMIM:156500): Genu valgum (HP:0002857)-Genu valgum (HP:0002857), 	Proximity to COL10A1 Genu valgum (HP:0002857)-short femur (MP:0003109), 	
151	LILRB3_AD	LILRB3	11025	AD	0.6606	0.0021	0.1532	0.6000	0.0000	0.1532	0.0000	0.0000	0.1532	1.0000	0		Genu valgum (HP:0002857)-abnormal dendritic cell differentiation (MP:0008115), 				
151	LILRB3_AR	LILRB3	11025	AR	0.6606	0.0021	0.1532	0.6000	0.0000	0.1532	0.0000	0.0000	0.1532	1.0000	0		Genu valgum (HP:0002857)-abnormal dendritic cell differentiation (MP:0008115), 				
153	C1QTNF9_AR	C1QTNF9	338872	AR	0.6661	0.0020	0.5000	0.2020	0.0000	0.0000	0.0000	0.5000	0.5000	1.0000	0				Proximity to PRKG1 associated with Familial thoracic aortic aneurysm and aortic dissection (ORPHA:91387): Patent ductus arteriosus (HP:0001643)-Patent ductus arteriosus (HP:0001643), Aortic root aneurysm (HP:0002616)-Aortic root aneurysm (HP:0002616), Genu valgum (HP:0002857)-Pes planus (HP:0001763), 	Proximity to PRKG1 Patent ductus arteriosus (HP:0001643)-abnormal blood vessel physiology (MP:0000249), Aortic root aneurysm (HP:0002616)-abnormal blood vessel physiology (MP:0000249), 	
154	FBXW8_AD	FBXW8	26259	AD	0.6686	0.0019	0.5001	0.1993	0.0000	0.3391	0.0000	0.5001	0.5001	1.0000	0		Patent ductus arteriosus (HP:0001643)-abnormal placental labyrinth vasculature morphology (MP:0008803), Aortic root aneurysm (HP:0002616)-abnormal placental labyrinth vasculature morphology (MP:0008803), 		Proximity to NAE1 associated with Neurodevelopmental disorder with dysmorphic facies and ischiopubic hypoplasia (OMIM:620210): Patent ductus arteriosus (HP:0001643)-Coarctation of aorta (HP:0001680), Aortic root aneurysm (HP:0002616)-Coarctation of aorta (HP:0001680), Genu valgum (HP:0002857)-Joint dislocation (HP:0001373), 		
154	FBXW10_AD	FBXW10	10517	AD	0.6690	0.0019	0.5000	0.1990	0.0000	0.0000	0.0000	0.5000	0.5000	1.0000	0				Proximity to ZPR1 associated with ?Growth restriction, hypoplastic kidneys, alopecia, and distinctive facies (OMIM:619321): Patent ductus arteriosus (HP:0001643)-Cleft soft palate (HP:0000185), Genu valgum (HP:0002857)-Genu valgum (HP:0002857), 		
154	MAML1_AR	MAML1	9794	AR	0.6696	0.0019	0.5116	0.1853	0.0000	0.1238	0.0000	0.5116	0.5116	1.0000	0		Genu valgum (HP:0002857)-increased double-negative T cell number (MP:0005090), 		Proximity to SPEN associated with 1p36 deletion syndrome (ORPHA:1606): Patent ductus arteriosus (HP:0001643)-Patent ductus arteriosus (HP:0001643), Aortic root aneurysm (HP:0002616)-Aortic arch aneurysm (HP:0005113), Genu valgum (HP:0002857)-Hip dysplasia (HP:0001385), 	Proximity to SPEN Patent ductus arteriosus (HP:0001643)-abnormal heart development (MP:0000267), Aortic root aneurysm (HP:0002616)-abnormal heart development (MP:0000267), Genu valgum (HP:0002857)-abnormal B cell differentiation (MP:0002144), 	
154	FSCN2_AD	FSCN2	25794	AD	0.6697	0.0019	0.3057	0.4182	0.3057	0.1703	0.0000	0.0000	0.3057	1.0000	0	Retinitis pigmentosa 30 (OMIM:607921): Patent ductus arteriosus (HP:0001643)-Chorioretinal atrophy (HP:0000533), Aortic root aneurysm (HP:0002616)-Chorioretinal atrophy (HP:0000533), 	Genu valgum (HP:0002857)-abnormal cochlear hair cell stereociliary bundle morphology (MP:0004521), 				
154	IGSF5_AD	IGSF5	150084	AD	0.6714	0.0019	0.5001	0.1965	0.0000	0.0000	0.0000	0.5001	0.5001	1.0000	0				Proximity to CLDN16 associated with Hypomagnesemia 3, renal (OMIM:248250): Patent ductus arteriosus (HP:0001643)-Hypertension (HP:0000822), Aortic root aneurysm (HP:0002616)-Hypertension (HP:0000822), Genu valgum (HP:0002857)-Genu valgum (HP:0002857), 		
159	SIRT6_AD	SIRT6	51548	AD	0.6746	0.0018	0.2921	0.4288	0.0000	0.2921	0.0000	0.0000	0.2921	1.0000	0		Patent ductus arteriosus (HP:0001643)-cornea vascularization (MP:0005542), Aortic root aneurysm (HP:0002616)-cornea vascularization (MP:0005542), 				
159	LAIR1_AR	LAIR1	3903	AR	0.6774	0.0018	0.1384	0.6000	0.0000	0.1384	0.0000	0.0000	0.1384	1.0000	0		Genu valgum (HP:0002857)-increased eosinophil cell number (MP:0005011), 				
161	OR2A4_AD	OR2A4	79541	AD	0.6787	0.0017	0.5000	0.1894	0.0000	0.0000	0.0000	0.5000	0.5000	1.0000	0				Proximity to ARFGEF2 associated with Periventricular nodular heterotopia (ORPHA:98892): Patent ductus arteriosus (HP:0001643)-Patent ductus arteriosus (HP:0001643), Aortic root aneurysm (HP:0002616)-Aortic aneurysm (HP:0004942), Genu valgum (HP:0002857)-Patellar dislocation (HP:0002999), 		Proximity to ARFGEF2 Patent ductus arteriosus (HP:0001643)-intersegmental vessel incomplete structure, abnormal (ZP:0020299), Aortic root aneurysm (HP:0002616)-intersegmental vessel incomplete structure, abnormal (ZP:0020299), 
161	KRT81_AR	KRT81	3887	AR	0.6798	0.0017	0.2500	0.4713	0.2328	0.0000	0.0000	0.5000	0.5000	0.5000	0	Monilethrix (OMIM:158000): Genu valgum (HP:0002857)-Nail dystrophy (HP:0008404), 			Proximity to SMAD6 associated with Aortic valve disease 2 (OMIM:614823): Patent ductus arteriosus (HP:0001643)-Coarctation of aorta (HP:0001680), Aortic root aneurysm (HP:0002616)-Aortic aneurysm (HP:0004942), Genu valgum (HP:0002857)-Bicuspid aortic valve (HP:0001647), 	Proximity to SMAD6 Patent ductus arteriosus (HP:0001643)-muscular ventricular septal defect (MP:0010420), Aortic root aneurysm (HP:0002616)-overriding aortic valve (MP:0000273), 	
163	WASHC2A_AR	WASHC2A	387680	AR	0.6967	0.0015	0.5006	0.1710	0.0000	0.0000	0.0000	0.5006	0.5006	1.0000	0				Proximity to NIPA1 associated with 15q11.2 microdeletion syndrome (ORPHA:261183): Patent ductus arteriosus (HP:0001643)-Coarctation of aorta (HP:0001680), Aortic root aneurysm (HP:0002616)-Coarctation of aorta (HP:0001680), Genu valgum (HP:0002857)-Abnormal pinna morphology (HP:0000377), 		
164	TARS1_AD	TARS1	6897	AD	0.7068	0.0013	0.2544	0.4394	0.3737	0.0000	0.3559	0.5087	0.5087	0.5000	0	Trichothiodystrophy (ORPHA:33364): Patent ductus arteriosus (HP:0001643)-Ventricular septal defect (HP:0001629), Aortic root aneurysm (HP:0002616)-Cardiomyopathy (HP:0001638), Genu valgum (HP:0002857)-Astigmatism (HP:0000483), 		Patent ductus arteriosus (HP:0001643)-central artery decreased length, abnormal (ZP:0000588), Aortic root aneurysm (HP:0002616)-intersegmental vessel malformed, abnormal (ZP:0000019), 	Proximity to CARS1 associated with Microcephaly, developmental delay, and brittle hair syndrome (OMIM:618891): Patent ductus arteriosus (HP:0001643)-Aortic root aneurysm (HP:0002616), Aortic root aneurysm (HP:0002616)-Aortic root aneurysm (HP:0002616), Genu valgum (HP:0002857)-Pes cavus (HP:0001761), 		Proximity to CARS1 Patent ductus arteriosus (HP:0001643)-pericardium edematous, abnormal (ZP:0000038), Aortic root aneurysm (HP:0002616)-pericardium edematous, abnormal (ZP:0000038), 
164	LYVE1_AD	LYVE1	10894	AD	0.7069	0.0013	0.5118	0.1479	0.0000	0.3435	0.2798	0.5118	0.5118	1.0000	0		Patent ductus arteriosus (HP:0001643)-lymphangiectasis (MP:0004038), Aortic root aneurysm (HP:0002616)-lymphangiectasis (MP:0004038), 	Patent ductus arteriosus (HP:0001643)-thoracic duct agenesis, abnormal (ZP:0011802), Aortic root aneurysm (HP:0002616)-thoracic duct agenesis, abnormal (ZP:0011802), 	Proximity to PDPN associated with 1p36 deletion syndrome (ORPHA:1606): Patent ductus arteriosus (HP:0001643)-Patent ductus arteriosus (HP:0001643), Aortic root aneurysm (HP:0002616)-Aortic arch aneurysm (HP:0005113), Genu valgum (HP:0002857)-Hip dysplasia (HP:0001385), 	Proximity to PDPN Patent ductus arteriosus (HP:0001643)-abnormal coronary artery morphology (MP:0004111), Aortic root aneurysm (HP:0002616)-abnormal coronary artery morphology (MP:0004111), 	
164	OR2A4_AR	OR2A4	79541	AR	0.7091	0.0013	0.5000	0.1591	0.0000	0.0000	0.0000	0.5000	0.5000	1.0000	0				Proximity to ARFGEF2 associated with Periventricular nodular heterotopia (ORPHA:98892): Patent ductus arteriosus (HP:0001643)-Patent ductus arteriosus (HP:0001643), Aortic root aneurysm (HP:0002616)-Aortic aneurysm (HP:0004942), Genu valgum (HP:0002857)-Patellar dislocation (HP:0002999), 		Proximity to ARFGEF2 Patent ductus arteriosus (HP:0001643)-intersegmental vessel incomplete structure, abnormal (ZP:0020299), Aortic root aneurysm (HP:0002616)-intersegmental vessel incomplete structure, abnormal (ZP:0020299), 
164	AGAP4_AD	AGAP4	119016	AD	0.7131	0.0013	0.5000	0.1550	0.0000	0.0000	0.0000	0.5000	0.5000	1.0000	0				Proximity to DDX3X associated with Toriello-Carey syndrome (ORPHA:3338): Patent ductus arteriosus (HP:0001643)-Patent ductus arteriosus (HP:0001643), Aortic root aneurysm (HP:0002616)-Coarctation of aorta (HP:0001680), Genu valgum (HP:0002857)-Clinodactyly (HP:0030084), 	Proximity to DDX3X Patent ductus arteriosus (HP:0001643)-ventricular septal defect (MP:0010402), Aortic root aneurysm (HP:0002616)-abnormal placental labyrinth vasculature morphology (MP:0008803), 	Proximity to DDX3X Patent ductus arteriosus (HP:0001643)-pericardium edematous, abnormal (ZP:0000038), Aortic root aneurysm (HP:0002616)-pericardium edematous, abnormal (ZP:0000038), Genu valgum (HP:0002857)-trunk curved ventral, abnormal (ZP:0000636), 
168	STK32B_AD	STK32B	55351	AD	0.7151	0.0012	0.5469	0.0999	0.0000	0.0000	0.0000	0.5469	0.5469	1.0000	0				Proximity to EVC2 associated with Ellis-van Creveld syndrome (OMIM:225500): Patent ductus arteriosus (HP:0001643)-Common atrium (HP:0011565), Aortic root aneurysm (HP:0002616)-Common atrium (HP:0011565), Genu valgum (HP:0002857)-Genu valgum (HP:0002857), 	Proximity to EVC2 Genu valgum (HP:0002857)-short tibia (MP:0002764), 	
168	KRT6C_AR	KRT6C	286887	AR	0.7197	0.0012	0.0000	0.7142	0.1989	0.0000	0.0000	0.0000	0.1989	0.5000	0	Palmoplantar keratoderma, nonepidermolytic, focal or diffuse (OMIM:615735): Genu valgum (HP:0002857)-Plantar hyperkeratosis (HP:0007556), 					
170	KIF26B_AR	KIF26B	55083	AR	0.7257	0.0011	0.5001	0.1420	0.0000	0.2971	0.0000	0.5001	0.5001	1.0000	0		Patent ductus arteriosus (HP:0001643)-increased heart weight (MP:0002833), Aortic root aneurysm (HP:0002616)-increased heart weight (MP:0002833), 		Proximity to SIX3 associated with Septopreoptic holoprosencephaly (ORPHA:280195): Patent ductus arteriosus (HP:0001643)-Coarctation of aorta (HP:0001680), Aortic root aneurysm (HP:0002616)-Coarctation of aorta (HP:0001680), 	Proximity to SIX3 Genu valgum (HP:0002857)-abnormal cranium morphology (MP:0000438), 	
170	AGAP4_AR	AGAP4	119016	AR	0.7267	0.0011	0.5000	0.1410	0.0000	0.0000	0.0000	0.5000	0.5000	1.0000	0				Proximity to DDX3X associated with Toriello-Carey syndrome (ORPHA:3338): Patent ductus arteriosus (HP:0001643)-Patent ductus arteriosus (HP:0001643), Aortic root aneurysm (HP:0002616)-Coarctation of aorta (HP:0001680), Genu valgum (HP:0002857)-Clinodactyly (HP:0030084), 	Proximity to DDX3X Patent ductus arteriosus (HP:0001643)-ventricular septal defect (MP:0010402), Aortic root aneurysm (HP:0002616)-abnormal placental labyrinth vasculature morphology (MP:0008803), 	Proximity to DDX3X Patent ductus arteriosus (HP:0001643)-pericardium edematous, abnormal (ZP:0000038), Aortic root aneurysm (HP:0002616)-pericardium edematous, abnormal (ZP:0000038), Genu valgum (HP:0002857)-trunk curved ventral, abnormal (ZP:0000636), 
170	CPA6_AD	CPA6	57094	AD	0.7271	0.0011	0.0000	0.7065	0.0000	0.0000	0.0000	0.0000	0.0000	1.0000	0						
173	POM121C_AR	POM121C	100101267	AR	0.7334	0.0010	0.0000	0.7000	0.0000	0.0000	0.0000	0.0000	0.0000	1.0000	0						
173	YLPM1_AD	YLPM1	56252	AD	0.7336	0.0010	0.5000	0.1339	0.0000	0.1901	0.0000	0.5000	0.5000	1.0000	0		Genu valgum (HP:0002857)-decreased bone mineral content (MP:0010124), 		Proximity to SLC26A2 associated with Diastrophic dysplasia (OMIM:222600): Patent ductus arteriosus (HP:0001643)-Glabellar hemangioma (HP:0001076), Aortic root aneurysm (HP:0002616)-Glabellar hemangioma (HP:0001076), Genu valgum (HP:0002857)-Genu valgum (HP:0002857), 	Proximity to SLC26A2 Genu valgum (HP:0002857)-bowed tibia (MP:0004358), 	
173	DNAH17_AD	DNAH17	8632	AD	0.7343	0.0010	0.0000	0.6991	0.0000	0.0000	0.0000	0.0000	0.0000	0.5000	0						
173	NACAD_AD	NACAD	23148	AD	0.7370	0.0010	0.5000	0.1304	0.0000	0.0000	0.0000	0.5000	0.5000	1.0000	0				Proximity to TSFM associated with Combined oxidative phosphorylation deficiency 3 (OMIM:610505): Patent ductus arteriosus (HP:0001643)-Patent ductus arteriosus (HP:0001643), Aortic root aneurysm (HP:0002616)-Patent ductus arteriosus (HP:0001643), 		
173	RNF213_AR	RNF213	57674	AR	0.7430	0.0010	0.4754	0.1520	0.4754	0.3597	0.3533	0.0000	0.4754	1.0000	0	Moyamoya disease 2, susceptibility to (OMIM:607151): Patent ductus arteriosus (HP:0001643)-Moyamoya phenomenon (HP:0011834), Aortic root aneurysm (HP:0002616)-Moyamoya phenomenon (HP:0011834), 	Patent ductus arteriosus (HP:0001643)-abnormal physiological neovascularization (MP:0003710), Aortic root aneurysm (HP:0002616)-abnormal physiological neovascularization (MP:0003710), 	Patent ductus arteriosus (HP:0001643)-blood vessel inner optic circle increased branchiness, abnormal (ZP:0007510), Aortic root aneurysm (HP:0002616)-angiogenic sprout mesencephalic vein morphology, abnormal (ZP:0103286), 			
173	DIS3L2_AR	DIS3L2	129563	AR	0.7436	0.0010	0.5744	0.0393	0.5744	0.3019	0.2197	0.5004	0.5744	1.0000	0	Perlman syndrome (OMIM:267000): Patent ductus arteriosus (HP:0001643)-Interrupted aortic arch (HP:0011611), Aortic root aneurysm (HP:0002616)-Interrupted aortic arch (HP:0011611), Genu valgum (HP:0002857)-Depressed nasal bridge (HP:0005280), 	Patent ductus arteriosus (HP:0001643)-hemorrhage (MP:0001914), Aortic root aneurysm (HP:0002616)-hemorrhage (MP:0001914), 	Patent ductus arteriosus (HP:0001643)-pericardium edematous, abnormal (ZP:0000038), Aortic root aneurysm (HP:0002616)-pericardium edematous, abnormal (ZP:0000038), 	Proximity to RAI1 associated with PMP22-RAI1 contiguous gene duplication syndrome (ORPHA:477817): Patent ductus arteriosus (HP:0001643)-Double outlet right ventricle (HP:0001719), Aortic root aneurysm (HP:0002616)-Aortic aneurysm (HP:0004942), Genu valgum (HP:0002857)-Pes planus (HP:0001763), 	Proximity to RAI1 Genu valgum (HP:0002857)-polyphalangy (MP:0000413), 	
179	NCOR1_AD	NCOR1	9611	AD	0.7494	0.0009	0.5157	0.0998	0.0000	0.3320	0.0000	0.5157	0.5157	1.0000	0		Patent ductus arteriosus (HP:0001643)-increased heart left ventricle weight (MP:0003915), Aortic root aneurysm (HP:0002616)-decreased heart rate (MP:0005333), 		Proximity to ZBTB7A associated with Macrocephaly, neurodevelopmental delay, lymphoid hyperplasia, and persistent fetal hemoglobin (OMIM:619769): Patent ductus arteriosus (HP:0001643)-Patent ductus arteriosus (HP:0001643), Aortic root aneurysm (HP:0002616)-Patent ductus arteriosus (HP:0001643), Genu valgum (HP:0002857)-Astigmatism (HP:0000483), 	Proximity to ZBTB7A Genu valgum (HP:0002857)-abnormal lymphopoiesis (MP:0002401), 	
179	OR4E2_AD	OR4E2	26686	AD	0.7501	0.0009	0.5000	0.1169	0.0000	0.0000	0.0000	0.5000	0.5000	1.0000	0				Proximity to STAG2 associated with Holoprosencephaly 13, X-linked (OMIM:301043): Patent ductus arteriosus (HP:0001643)-Patent ductus arteriosus (HP:0001643), Aortic root aneurysm (HP:0002616)-Double outlet right ventricle (HP:0001719), Genu valgum (HP:0002857)-Median cleft palate (HP:0009099), 		
179	SPAG17_AD	SPAG17	200162	AD	0.7548	0.0009	0.2500	0.3948	0.0000	0.2985	0.0000	0.5000	0.5000	0.5000	0		Patent ductus arteriosus (HP:0001643)-decreased heart rate (MP:0005333), Aortic root aneurysm (HP:0002616)-decreased heart rate (MP:0005333), 		Proximity to PPP1CB associated with Noonan syndrome-like disorder with loose anagen hair 2 (OMIM:617506): Patent ductus arteriosus (HP:0001643)-Patent ductus arteriosus (HP:0001643), Aortic root aneurysm (HP:0002616)-Aortic root aneurysm (HP:0002616), Genu valgum (HP:0002857)-Pectus excavatum (HP:0000767), 		Proximity to PPP1CB Genu valgum (HP:0002857)-anterior-posterior axis whole organism curved, abnormal (ZP:0002513), 
182	TCF7L2_AD	TCF7L2	6934	AD	0.7559	0.0008	0.5095	0.1000	0.0000	0.5056	0.3239	0.5095	0.5095	1.0000	0		Patent ductus arteriosus (HP:0001643)-muscular ventricular septal defect (MP:0010420), Aortic root aneurysm (HP:0002616)-abnormal inferior vena cava morphology (MP:0006063), Genu valgum (HP:0002857)-abnormal elbow joint morphology (MP:0013945), 	Patent ductus arteriosus (HP:0001643)-capillary endocrine pancreas decreased diameter, abnormal (ZP:0103487), Aortic root aneurysm (HP:0002616)-capillary endocrine pancreas decreased diameter, abnormal (ZP:0103487), Genu valgum (HP:0002857)-intestinal epithelium flat, abnormal (ZP:0003506), 	Proximity to FTO associated with Growth retardation, developmental delay, facial dysmorphism (OMIM:612938): Patent ductus arteriosus (HP:0001643)-Patent ductus arteriosus (HP:0001643), Aortic root aneurysm (HP:0002616)-Patent ductus arteriosus (HP:0001643), Genu valgum (HP:0002857)-Drumstick terminal phalanges (HP:0006129), 	Proximity to FTO Genu valgum (HP:0002857)-decreased bone mineral density (MP:0000063), 	Proximity to FTO Genu valgum (HP:0002857)-anterior-posterior axis whole organism curved, abnormal (ZP:0002513), 
182	USP17L30_AD	USP17L30	728419	AD	0.7561	0.0008	0.5004	0.1101	0.0000	0.0000	0.0000	0.5004	0.5004	1.0000	0				Proximity to ZMPSTE24 associated with Restrictive dermopathy (ORPHA:1662): Patent ductus arteriosus (HP:0001643)-Patent ductus arteriosus (HP:0001643), Aortic root aneurysm (HP:0002616)-Ascending tubular aorta aneurysm (HP:0004970), Genu valgum (HP:0002857)-Thin clavicles (HP:0006645), 	Proximity to ZMPSTE24 Patent ductus arteriosus (HP:0001643)-thin ventricular wall (MP:0000280), Aortic root aneurysm (HP:0002616)-cardiac interstitial fibrosis (MP:0005608), Genu valgum (HP:0002857)-abnormal tibia morphology (MP:0000558), 	
182	RIMBP3C_AR	RIMBP3C	150221	AR	0.7576	0.0008	0.5000	0.1090	0.0000	0.0000	0.0000	0.5000	0.5000	1.0000	0				Proximity to SCN2A associated with Malignant migrating focal seizures of infancy (ORPHA:293181): Patent ductus arteriosus (HP:0001643)-Aortopulmonary collateral arteries (HP:0031834), Aortic root aneurysm (HP:0002616)-Aortopulmonary collateral arteries (HP:0031834), 		
182	MAPK8IP1_AD	MAPK8IP1	9479	AD	0.7584	0.0008	0.5083	0.0989	0.0000	0.0000	0.0000	0.5083	0.5083	1.0000	0				Proximity to MAPK8IP3 associated with Neurodevelopmental disorder with or without variable brain abnormalities (OMIM:618443): Genu valgum (HP:0002857)-Genu valgum (HP:0002857), 	Proximity to MAPK8IP3 Patent ductus arteriosus (HP:0001643)-abnormal lung vasculature morphology (MP:0004007), Aortic root aneurysm (HP:0002616)-abnormal lung vasculature morphology (MP:0004007), 	
182	ATG2B_AR	ATG2B	55102	AR	0.7595	0.0008	0.5000	0.1070	0.0000	0.2971	0.0000	0.5000	0.5000	1.0000	0		Patent ductus arteriosus (HP:0001643)-increased heart weight (MP:0002833), Aortic root aneurysm (HP:0002616)-increased heart weight (MP:0002833), 			Proximity to TBC1D32 Patent ductus arteriosus (HP:0001643)-premature closure of the ductus arteriosus (MP:0010576), Aortic root aneurysm (HP:0002616)-abnormal aortic arch morphology (MP:0004113), Genu valgum (HP:0002857)-facial cleft (MP:0008797), 	Proximity to TBC1D32 Genu valgum (HP:0002857)-post-vent region increased curvature, abnormal (ZP:0001091), 
182	OR5H14_AD	OR5H14	403273	AD	0.7598	0.0008	0.5000	0.1068	0.0000	0.0000	0.0000	0.5000	0.5000	1.0000	0				Proximity to STAG2 associated with Holoprosencephaly 13, X-linked (OMIM:301043): Patent ductus arteriosus (HP:0001643)-Patent ductus arteriosus (HP:0001643), Aortic root aneurysm (HP:0002616)-Double outlet right ventricle (HP:0001719), Genu valgum (HP:0002857)-Median cleft palate (HP:0009099), 		
182	HLA-B_AD	HLA-B	3106	AD	0.7599	0.0008	0.2515	0.3880	0.7234	0.2971	0.0000	0.5029	0.7234	0.5000	0	Takayasu arteritis (ORPHA:3287): Patent ductus arteriosus (HP:0001643)-Ascending tubular aorta aneurysm (HP:0004970), Aortic root aneurysm (HP:0002616)-Ascending tubular aorta aneurysm (HP:0004970), Genu valgum (HP:0002857)-Arthritis (HP:0001369), 	Patent ductus arteriosus (HP:0001643)-increased heart weight (MP:0002833), Aortic root aneurysm (HP:0002616)-increased heart weight (MP:0002833), 		Proximity to SEC24C associated with 22q11.2 deletion syndrome (ORPHA:567): Patent ductus arteriosus (HP:0001643)-Patent ductus arteriosus (HP:0001643), Aortic root aneurysm (HP:0002616)-Abnormal aortic arch morphology (HP:0012303), Genu valgum (HP:0002857)-Patellar dislocation (HP:0002999), 		
182	SRF_AD	SRF	6722	AD	0.7614	0.0008	0.5047	0.0998	0.0000	0.0000	0.0000	0.5047	0.5047	1.0000	0				Proximity to MYOCD associated with Megabladder, congenital (OMIM:618719): Patent ductus arteriosus (HP:0001643)-Patent ductus arteriosus (HP:0001643), Aortic root aneurysm (HP:0002616)-Patent ductus arteriosus (HP:0001643), Genu valgum (HP:0002857)-Bicuspid aortic valve (HP:0001647), 	Proximity to MYOCD Patent ductus arteriosus (HP:0001643)-abnormal dorsal aorta morphology (MP:0004787), Aortic root aneurysm (HP:0002616)-abnormal blood vessel morphology (MP:0001614), 	
182	MUC20_AD	MUC20	200958	AD	0.7616	0.0008	0.5044	0.1000	0.0000	0.0000	0.0000	0.5044	0.5044	1.0000	0				Proximity to GALNT3 associated with Tumoral calcinosis, hyperphosphatemic, familial, 1 (OMIM:211900): Patent ductus arteriosus (HP:0001643)-Vascular calcification (HP:0004934), Aortic root aneurysm (HP:0002616)-Vascular calcification (HP:0004934), 	Proximity to GALNT3 Patent ductus arteriosus (HP:0001643)-calcified aorta (MP:0010522), Aortic root aneurysm (HP:0002616)-calcified aorta (MP:0010522), Genu valgum (HP:0002857)-increased compact bone volume (MP:0010964), 	
182	NACAD_AR	NACAD	23148	AR	0.7620	0.0008	0.5000	0.1044	0.0000	0.0000	0.0000	0.5000	0.5000	1.0000	0				Proximity to TSFM associated with Combined oxidative phosphorylation deficiency 3 (OMIM:610505): Patent ductus arteriosus (HP:0001643)-Patent ductus arteriosus (HP:0001643), Aortic root aneurysm (HP:0002616)-Patent ductus arteriosus (HP:0001643), 		
182	ANAPC2_AD	ANAPC2	29882	AD	0.7627	0.0008	0.5035	0.0999	0.0000	0.0000	0.0000	0.5035	0.5035	1.0000	0				Proximity to MAD2L2 associated with Fanconi anemia (ORPHA:84): Patent ductus arteriosus (HP:0001643)-Patent ductus arteriosus (HP:0001643), Aortic root aneurysm (HP:0002616)-Abnormal aortic morphology (HP:0001679), Genu valgum (HP:0002857)-Hip dislocation (HP:0002827), 	Proximity to MAD2L2 Genu valgum (HP:0002857)-abnormal foot pad morphology (MP:0000574), 	
182	PHOSPHO2_AD	PHOSPHO2	493911	AD	0.7627	0.0008	0.5000	0.1038	0.0000	0.0000	0.0000	0.5000	0.5000	1.0000	0				Proximity to CYP3A4 associated with Vitamin D-dependent rickets, type 3 (OMIM:619073): Genu valgum (HP:0002857)-Genu varum (HP:0002970), 		
182	NCALD_AD	NCALD	83988	AD	0.7631	0.0008	0.5032	0.0997	0.0000	0.3130	0.0000	0.5032	0.5032	1.0000	0		Patent ductus arteriosus (HP:0001643)-abnormal retina vasculature morphology (MP:0002792), Aortic root aneurysm (HP:0002616)-abnormal retina vasculature morphology (MP:0002792), Genu valgum (HP:0002857)-irregularly shaped pupil (MP:0001319), 		Proximity to SEC24C associated with 22q11.2 deletion syndrome (ORPHA:567): Patent ductus arteriosus (HP:0001643)-Patent ductus arteriosus (HP:0001643), Aortic root aneurysm (HP:0002616)-Abnormal aortic arch morphology (HP:0012303), Genu valgum (HP:0002857)-Patellar dislocation (HP:0002999), 		
182	FERMT2_AD	FERMT2	10979	AD	0.7636	0.0008	0.5032	0.0994	0.0000	0.0000	0.3539	0.5032	0.5032	1.0000	0			Patent ductus arteriosus (HP:0001643)-cardiac ventricle decreased size, abnormal (ZP:0000528), Aortic root aneurysm (HP:0002616)-dorsal longitudinal anastomotic vessel morphology, abnormal (ZP:0002479), 	Proximity to DNMT3A associated with Tatton-Brown-Rahman syndrome (ORPHA:404443): Patent ductus arteriosus (HP:0001643)-Patent ductus arteriosus (HP:0001643), Aortic root aneurysm (HP:0002616)-Aortic root aneurysm (HP:0002616), Genu valgum (HP:0002857)-Short toe (HP:0001831), 	Proximity to DNMT3A Genu valgum (HP:0002857)-abnormal bone structure (MP:0003795), 	
182	SPRY2_AD	SPRY2	10253	AD	0.7640	0.0008	0.5023	0.1000	0.2679	0.3535	0.0000	0.5023	0.5023	1.0000	0	?IgA nephropathy, susceptibility to, 3 (OMIM:616818): Patent ductus arteriosus (HP:0001643)-Hypertension (HP:0000822), Aortic root aneurysm (HP:0002616)-Hypertension (HP:0000822), 	Genu valgum (HP:0002857)-decreased length of long bones (MP:0004686), 		Proximity to DYRK1A associated with Intellectual disability syndrome due to a DYRK1A point mutation (ORPHA:464311): Patent ductus arteriosus (HP:0001643)-Patent ductus arteriosus (HP:0001643), Aortic root aneurysm (HP:0002616)-Patent ductus arteriosus (HP:0001643), Genu valgum (HP:0002857)-Ankle flexion contracture (HP:0006466), 	Proximity to DYRK1A Patent ductus arteriosus (HP:0001643)-decreased heart weight (MP:0002834), Aortic root aneurysm (HP:0002616)-decreased heart weight (MP:0002834), 	Proximity to DYRK1A Patent ductus arteriosus (HP:0001643)-central artery morphology, abnormal (ZP:0007287), Aortic root aneurysm (HP:0002616)-central artery morphology, abnormal (ZP:0007287), 
182	MC5R_AD	MC5R	4161	AD	0.7641	0.0008	0.5023	0.0999	0.0000	0.0000	0.0000	0.5023	0.5023	1.0000	0					Proximity to PTGER4 Patent ductus arteriosus (HP:0001643)-patent ductus arteriosus (MP:0003139), Aortic root aneurysm (HP:0002616)-patent ductus arteriosus (MP:0003139), 	Proximity to PTGER4 Patent ductus arteriosus (HP:0001643)-ventral wall of dorsal aorta morphology, abnormal (ZP:0008112), Aortic root aneurysm (HP:0002616)-ventral wall of dorsal aorta morphology, abnormal (ZP:0008112), Genu valgum (HP:0002857)-trunk curved ventral, abnormal (ZP:0000636), 
182	RGMA_AD	RGMA	56963	AD	0.7642	0.0008	0.5025	0.0995	0.0000	0.4100	0.0000	0.5025	0.5025	1.0000	0		Patent ductus arteriosus (HP:0001643)-incomplete rostral neuropore closure (MP:0000928), Genu valgum (HP:0002857)-abnormal cranium morphology (MP:0000438), 		Proximity to BMPR1A associated with Juvenile polyposis of infancy (ORPHA:79076): Patent ductus arteriosus (HP:0001643)-Patent ductus arteriosus (HP:0001643), Aortic root aneurysm (HP:0002616)-Patent ductus arteriosus (HP:0001643), Genu valgum (HP:0002857)-Broad phalanx of the toes (HP:0010174), 		Proximity to BMPR1A Patent ductus arteriosus (HP:0001643)-heart tube morphology, abnormal (ZP:0000454), Aortic root aneurysm (HP:0002616)-heart tube morphology, abnormal (ZP:0000454), 
182	CSH1_AD	CSH1	1442	AD	0.7644	0.0008	0.5019	0.1000	0.0000	0.3452	0.0000	0.5019	0.5019	1.0000	0		Patent ductus arteriosus (HP:0001643)-small heart (MP:0002188), Aortic root aneurysm (HP:0002616)-small heart (MP:0002188), Genu valgum (HP:0002857)-abnormal bone structure (MP:0003795), 		Proximity to LIFR associated with Stüve-Wiedemann syndrome (ORPHA:3206): Genu valgum (HP:0002857)-Genu valgum (HP:0002857), 	Proximity to LIFR Genu valgum (HP:0002857)-abnormal metacarpal bone morphology (MP:0003073), 	
182	CNTNAP3_AD	CNTNAP3	79937	AD	0.7647	0.0008	0.5017	0.1000	0.0000	0.0000	0.0000	0.5017	0.5017	1.0000	0				Proximity to GJA1 associated with Hypoplastic left heart syndrome (ORPHA:2248): Patent ductus arteriosus (HP:0001643)-Patent ductus arteriosus (HP:0001643), Aortic root aneurysm (HP:0002616)-Hypoplastic aortic arch (HP:0012304), 	Proximity to GJA1 Patent ductus arteriosus (HP:0001643)-abnormal coronary artery morphology (MP:0004111), Aortic root aneurysm (HP:0002616)-abnormal coronary vein morphology (MP:0010453), 	Proximity to GJA1 Genu valgum (HP:0002857)-paired fin shortened, abnormal (ZP:0103111), 
182	TMCC2_AD	TMCC2	9911	AD	0.7649	0.0008	0.5017	0.0996	0.0000	0.3244	0.0000	0.5017	0.5017	1.0000	0		Patent ductus arteriosus (HP:0001643)-abnormal placenta vasculature (MP:0003231), Aortic root aneurysm (HP:0002616)-abnormal placenta vasculature (MP:0003231), 		Proximity to APOE associated with Dysbetalipoproteinemia (ORPHA:412): Patent ductus arteriosus (HP:0001643)-Premature coronary artery atherosclerosis (HP:0005181), Aortic root aneurysm (HP:0002616)-Aortic atherosclerotic lesion (HP:0012397), Genu valgum (HP:0002857)-Gout (HP:0001997), 	Proximity to APOE Patent ductus arteriosus (HP:0001643)-abnormal aorta wall morphology (MP:0009866), Aortic root aneurysm (HP:0002616)-abnormal aorta wall morphology (MP:0009866), Genu valgum (HP:0002857)-increased bone volume (MP:0010875), 	
182	RGPD4_AD	RGPD4	285190	AD	0.7651	0.0008	0.5012	0.1000	0.0000	0.0000	0.0000	0.5012	0.5012	1.0000	0				Proximity to PRKCZ associated with 1p36 deletion syndrome (ORPHA:1606): Patent ductus arteriosus (HP:0001643)-Patent ductus arteriosus (HP:0001643), Aortic root aneurysm (HP:0002616)-Aortic arch aneurysm (HP:0005113), Genu valgum (HP:0002857)-Hip dysplasia (HP:0001385), 		Proximity to PRKCZ Patent ductus arteriosus (HP:0001643)-intersegmental vessel has extra parts of type filopodium endothelial tip cell, abnormal (ZP:0008757), Aortic root aneurysm (HP:0002616)-intersegmental vessel has extra parts of type filopodium endothelial tip cell, abnormal (ZP:0008757), Genu valgum (HP:0002857)-scale size, abnormal (ZP:0015029), 
182	RPL21_AD	RPL21	6144	AD	0.7652	0.0008	0.5013	0.0999	0.2219	0.0000	0.0000	0.5013	0.5013	1.0000	0	Hypotrichosis 12 (OMIM:615885): Genu valgum (HP:0002857)-Abnormality of the nail (HP:0001597), 			Proximity to EIF4A2 associated with Neurodevelopmental disorder with hypotonia and speech delay, with or without seizures (OMIM:620455): Patent ductus arteriosus (HP:0001643)-Patent ductus arteriosus (HP:0001643), Aortic root aneurysm (HP:0002616)-Patent ductus arteriosus (HP:0001643), Genu valgum (HP:0002857)-Small hand (HP:0200055), 		
182	PIF1_AD	PIF1	80119	AD	0.7654	0.0008	0.5011	0.0998	0.0000	0.0000	0.0000	0.5011	0.5011	1.0000	0				Proximity to RAD51 associated with Fanconi anemia (ORPHA:84): Patent ductus arteriosus (HP:0001643)-Patent ductus arteriosus (HP:0001643), Aortic root aneurysm (HP:0002616)-Abnormal aortic morphology (HP:0001679), Genu valgum (HP:0002857)-Hip dislocation (HP:0002827), 		
182	TNFSF9_AD	TNFSF9	8744	AD	0.7658	0.0008	0.5006	0.1000	0.0000	0.0000	0.0000	0.5006	0.5006	1.0000	0				Proximity to CCDC47 associated with Trichohepatoneurodevelopmental syndrome (OMIM:618268): Patent ductus arteriosus (HP:0001643)-Patent ductus arteriosus (HP:0001643), Aortic root aneurysm (HP:0002616)-Patent ductus arteriosus (HP:0001643), Genu valgum (HP:0002857)-Fibular bowing (HP:0010502), 		
182	EP400_AD	EP400	57634	AD	0.7660	0.0008	0.5006	0.0997	0.0000	0.2585	0.0000	0.5006	0.5006	1.0000	0		Genu valgum (HP:0002857)-wavy neural tube (MP:0000930), 		Proximity to ACTB associated with Thrombocytopenia 8, with dysmorphic features and developmental delay (OMIM:620475): Patent ductus arteriosus (HP:0001643)-Patent ductus arteriosus (HP:0001643), Aortic root aneurysm (HP:0002616)-Patent ductus arteriosus (HP:0001643), Genu valgum (HP:0002857)-Overlapping toe (HP:0001845), 	Proximity to ACTB Genu valgum (HP:0002857)-abnormal outer hair cell stereociliary bundle morphology (MP:0004527), 	
182	PCGF1_AD	PCGF1	84759	AD	0.7660	0.0008	0.5004	0.1000	0.0000	0.3185	0.2194	0.5004	0.5004	1.0000	0		Patent ductus arteriosus (HP:0001643)-abnormal heart morphology (MP:0000266), Aortic root aneurysm (HP:0002616)-abnormal heart morphology (MP:0000266), 	Genu valgum (HP:0002857)-spinal cord curved, abnormal (ZP:0006844), 	Proximity to CD96 associated with C syndrome (OMIM:211750): Patent ductus arteriosus (HP:0001643)-Patent ductus arteriosus (HP:0001643), Aortic root aneurysm (HP:0002616)-Patent ductus arteriosus (HP:0001643), Genu valgum (HP:0002857)-Hip dislocation (HP:0002827), 		
182	ZNF300_AD	ZNF300	91975	AD	0.7661	0.0008	0.5003	0.1000	0.0000	0.0000	0.0000	0.5003	0.5003	1.0000	0				Proximity to NOD2 associated with Blau syndrome (ORPHA:90340): Patent ductus arteriosus (HP:0001643)-Aortic aneurysm (HP:0004942), Aortic root aneurysm (HP:0002616)-Aortic aneurysm (HP:0004942), Genu valgum (HP:0002857)-Joint swelling (HP:0001386), 	Proximity to NOD2 Genu valgum (HP:0002857)-decreased susceptibility to induced arthritis (MP:0003436), 	
182	PMEL_AD	PMEL	6490	AD	0.7662	0.0008	0.5003	0.0998	0.0000	0.2762	0.1576	0.5003	0.5003	1.0000	0		Patent ductus arteriosus (HP:0001643)-abnormal choroid melanin granule morphology (MP:0010193), Aortic root aneurysm (HP:0002616)-abnormal choroid melanin granule morphology (MP:0010193), 	Genu valgum (HP:0002857)-neoplasm orbit protruding, abnormal (ZP:0004678), 	Proximity to TFE3 associated with Intellectual developmental disorder, X-linked syndromic, with pigmentary mosaicism and coarse facies (OMIM:301066): Patent ductus arteriosus (HP:0001643)-Umbilical hernia (HP:0001537), Aortic root aneurysm (HP:0002616)-Hepatosplenomegaly (HP:0001433), Genu valgum (HP:0002857)-Genu valgum (HP:0002857), 		
182	PELI2_AD	PELI2	57161	AD	0.7662	0.0008	0.5002	0.1000	0.0000	0.0000	0.0000	0.5002	0.5002	1.0000	0					Proximity to RBPMS Patent ductus arteriosus (HP:0001643)-patent ductus arteriosus (MP:0003139), Aortic root aneurysm (HP:0002616)-patent ductus arteriosus (MP:0003139), 	
182	ERVV-2_AR	ERVV-2	100271846	AR	0.7663	0.0008	0.5001	0.1000	0.0000	0.0000	0.0000	0.5001	0.5001	1.0000	0				Proximity to YY1AP1 associated with Grange syndrome (ORPHA:79094): Patent ductus arteriosus (HP:0001643)-Patent ductus arteriosus (HP:0001643), Aortic root aneurysm (HP:0002616)-Arterial stenosis (HP:0100545), Genu valgum (HP:0002857)-Syndactyly (HP:0001159), 	Proximity to YY1AP1 Genu valgum (HP:0002857)-abnormal bone marrow cell morphology/development (MP:0002398), 	
182	RFX2_AD	RFX2	5990	AD	0.7663	0.0008	0.5001	0.0999	0.0000	0.0000	0.2754	0.5001	0.5001	1.0000	0			Patent ductus arteriosus (HP:0001643)-heart symmetry, abnormal (ZP:0002904), Aortic root aneurysm (HP:0002616)-heart symmetry, abnormal (ZP:0002904), 	Proximity to DNAH9 associated with Ciliary dyskinesia, primary, 40 (OMIM:618300): Patent ductus arteriosus (HP:0001643)-Patent ductus arteriosus (HP:0001643), Aortic root aneurysm (HP:0002616)-Right aortic arch (HP:0012020), 		
182	BTN3A1_AR	BTN3A1	11119	AR	0.7663	0.0008	0.5001	0.1000	0.0000	0.0000	0.0000	0.5001	0.5001	1.0000	0				Proximity to ZIC3 associated with Congenital heart defects, nonsyndromic, 1, X-linked (OMIM:306955): Patent ductus arteriosus (HP:0001643)-Patent ductus arteriosus (HP:0001643), Aortic root aneurysm (HP:0002616)-Coarctation of aorta (HP:0001680), Genu valgum (HP:0002857)-Congenital hip dislocation (HP:0001374), 	Proximity to ZIC3 Patent ductus arteriosus (HP:0001643)-ventricular septal defect (MP:0010402), Aortic root aneurysm (HP:0002616)-right aortic arch (MP:0004158), 	Proximity to ZIC3 Patent ductus arteriosus (HP:0001643)-heart tube straight, abnormal (ZP:0005430), Aortic root aneurysm (HP:0002616)-heart tube straight, abnormal (ZP:0005430), Genu valgum (HP:0002857)-trunk increased curvature, abnormal (ZP:0002564), 
182	KLRC3_AR	KLRC3	3823	AR	0.7663	0.0008	0.5000	0.1000	0.0000	0.0000	0.0000	0.5000	0.5000	1.0000	0				Proximity to HLA-B associated with Takayasu arteritis (ORPHA:3287): Patent ductus arteriosus (HP:0001643)-Ascending tubular aorta aneurysm (HP:0004970), Aortic root aneurysm (HP:0002616)-Ascending tubular aorta aneurysm (HP:0004970), Genu valgum (HP:0002857)-Arthritis (HP:0001369), 	Proximity to HLA-B Patent ductus arteriosus (HP:0001643)-increased heart weight (MP:0002833), Aortic root aneurysm (HP:0002616)-increased heart weight (MP:0002833), 	
182	LGALS9B_AR	LGALS9B	284194	AR	0.7664	0.0008	0.5000	0.1000	0.0000	0.1516	0.0000	0.5000	0.5000	1.0000	0		Genu valgum (HP:0002857)-increased susceptibility to induced arthritis (MP:0003724), 		Proximity to BCR associated with Distal 22q11.2 microdeletion syndrome (ORPHA:261330): Patent ductus arteriosus (HP:0001643)-Truncus arteriosus (HP:0001660), Aortic root aneurysm (HP:0002616)-Aortic aneurysm (HP:0004942), Genu valgum (HP:0002857)-Bowing of the long bones (HP:0006487), 	Proximity to BCR Genu valgum (HP:0002857)-abnormal bone marrow cell physiology (MP:0009278), 	
182	OR2T8_AR	OR2T8	343172	AR	0.7664	0.0008	0.5000	0.1000	0.0000	0.0000	0.0000	0.5000	0.5000	1.0000	0				Proximity to STAG2 associated with Holoprosencephaly 13, X-linked (OMIM:301043): Patent ductus arteriosus (HP:0001643)-Patent ductus arteriosus (HP:0001643), Aortic root aneurysm (HP:0002616)-Double outlet right ventricle (HP:0001719), Genu valgum (HP:0002857)-Median cleft palate (HP:0009099), 		
182	PRICKLE4_AD	PRICKLE4	29964	AD	0.7664	0.0008	0.5000	0.0999	0.0000	0.0000	0.0000	0.5000	0.5000	1.0000	0				Proximity to APC2 associated with Sotos syndrome (ORPHA:821): Patent ductus arteriosus (HP:0001643)-Patent ductus arteriosus (HP:0001643), Aortic root aneurysm (HP:0002616)-Aortic aneurysm (HP:0004942), Genu valgum (HP:0002857)-Hip contracture (HP:0003273), 		
182	C1QTNF1_AD	C1QTNF1	114897	AD	0.7664	0.0008	0.5000	0.0999	0.0000	0.0000	0.0000	0.5000	0.5000	1.0000	0				Proximity to CYP19A1 associated with Aromatase deficiency (ORPHA:91): Genu valgum (HP:0002857)-Genu valgum (HP:0002857), 	Proximity to CYP19A1 Patent ductus arteriosus (HP:0001643)-abnormal systemic arterial blood pressure (MP:0000230), Aortic root aneurysm (HP:0002616)-abnormal systemic arterial blood pressure (MP:0000230), Genu valgum (HP:0002857)-increased bone marrow cell number (MP:0000321), 	Proximity to CYP19A1 Patent ductus arteriosus (HP:0001643)-pericardium edematous, abnormal (ZP:0000038), Aortic root aneurysm (HP:0002616)-pericardium edematous, abnormal (ZP:0000038), 
182	PACSIN2_AD	PACSIN2	11252	AD	0.7665	0.0008	0.5001	0.0998	0.0000	0.3125	0.0000	0.5001	0.5001	1.0000	0		Patent ductus arteriosus (HP:0001643)-abnormal impulse conducting system conduction (MP:0003137), Aortic root aneurysm (HP:0002616)-abnormal impulse conducting system conduction (MP:0003137), 		Proximity to ROBO4 associated with Aortic valve disease 3 (OMIM:618496): Patent ductus arteriosus (HP:0001643)-Ascending aortic dissection (HP:0004933), Aortic root aneurysm (HP:0002616)-Aortic root aneurysm (HP:0002616), Genu valgum (HP:0002857)-Bicuspid aortic valve (HP:0001647), 	Proximity to ROBO4 Patent ductus arteriosus (HP:0001643)-abnormal vascular development (MP:0000259), Aortic root aneurysm (HP:0002616)-abnormal vascular development (MP:0000259), 	Proximity to ROBO4 Patent ductus arteriosus (HP:0001643)-abnormal(ly) malformed endocardium cell (ZP:0000199), Aortic root aneurysm (HP:0002616)-abnormal(ly) malformed endocardium cell (ZP:0000199), 
182	LEMD1_AD	LEMD1	93273	AD	0.7665	0.0008	0.5000	0.0998	0.0000	0.0000	0.0000	0.5000	0.5000	1.0000	0				Proximity to SMARCC2 associated with Coffin-Siris syndrome (ORPHA:1465): Patent ductus arteriosus (HP:0001643)-Patent ductus arteriosus (HP:0001643), Aortic root aneurysm (HP:0002616)-Patent ductus arteriosus (HP:0001643), Genu valgum (HP:0002857)-Hypoplastic fifth toenail (HP:0011937), 	Proximity to SMARCC2 Patent ductus arteriosus (HP:0001643)-decreased heart rate (MP:0005333), Aortic root aneurysm (HP:0002616)-decreased heart rate (MP:0005333), 	
182	VGF_AD	VGF	7425	AD	0.7667	0.0008	0.5000	0.0997	0.0000	0.4187	0.0000	0.5000	0.5000	1.0000	0		Genu valgum (HP:0002857)-short tibia (MP:0002764), 		Proximity to MYCN associated with Feingold syndrome type 1 (ORPHA:391641): Patent ductus arteriosus (HP:0001643)-Patent ductus arteriosus (HP:0001643), Aortic root aneurysm (HP:0002616)-Interrupted aortic arch (HP:0011611), Genu valgum (HP:0002857)-Toe syndactyly (HP:0001770), 	Proximity to MYCN Patent ductus arteriosus (HP:0001643)-dilated dorsal aorta (MP:0004068), Aortic root aneurysm (HP:0002616)-dilated dorsal aorta (MP:0004068), 	
182	LRRC28_AD	LRRC28	123355	AD	0.7668	0.0008	0.5006	0.0989	0.0000	0.0000	0.0000	0.5006	0.5006	1.0000	0				Proximity to PRKAR1A associated with Familial atrial myxoma (ORPHA:615): Patent ductus arteriosus (HP:0001643)-Dilatation of the cerebral artery (HP:0004944), Aortic root aneurysm (HP:0002616)-Vascular dilatation (HP:0002617), Genu valgum (HP:0002857)-Pedal edema (HP:0010741), 	Proximity to PRKAR1A Genu valgum (HP:0002857)-decreased length of long bones (MP:0004686), 	
182	LRRC30_AD	LRRC30	339291	AD	0.7669	0.0008	0.5006	0.0988	0.0000	0.3235	0.0000	0.5006	0.5006	1.0000	0		Patent ductus arteriosus (HP:0001643)-enlarged heart (MP:0000274), Aortic root aneurysm (HP:0002616)-enlarged heart (MP:0000274), 		Proximity to PRKAR1A associated with Familial atrial myxoma (ORPHA:615): Patent ductus arteriosus (HP:0001643)-Dilatation of the cerebral artery (HP:0004944), Aortic root aneurysm (HP:0002616)-Vascular dilatation (HP:0002617), Genu valgum (HP:0002857)-Pedal edema (HP:0010741), 	Proximity to PRKAR1A Genu valgum (HP:0002857)-decreased length of long bones (MP:0004686), 	
182	SMCHD1_AD	SMCHD1	23347	AD	0.7670	0.0008	0.5000	0.0993	0.3215	0.2500	0.1853	0.5000	0.5000	1.0000	0	Facioscapulohumeral dystrophy (ORPHA:269): Patent ductus arteriosus (HP:0001643)-Abnormal cardiovascular system morphology (HP:0030680), Aortic root aneurysm (HP:0002616)-Abnormal cardiovascular system morphology (HP:0030680), 	Genu valgum (HP:0002857)-abnormal sternum morphology (MP:0000157), 	Genu valgum (HP:0002857)-pharyngeal arch 3-7 skeleton has fewer parts of type ceratobranchial cartilage, abnormal (ZP:0001947), 	Proximity to NSMCE2 associated with Seckel syndrome 10 (OMIM:617253): Patent ductus arteriosus (HP:0001643)-Abdominal aortic aneurysm (HP:0005112), Aortic root aneurysm (HP:0002616)-Abdominal aortic aneurysm (HP:0005112), Genu valgum (HP:0002857)-Slender long bone (HP:0003100), 	Proximity to NSMCE2 Patent ductus arteriosus (HP:0001643)-increased cardiovascular system tumor incidence (MP:0010291), Aortic root aneurysm (HP:0002616)-increased cardiovascular system tumor incidence (MP:0010291), 	
182	DGCR2_AD	DGCR2	9993	AD	0.7670	0.0008	0.5001	0.0992	0.0000	0.2686	0.0000	0.5001	0.5001	1.0000	0		Genu valgum (HP:0002857)-abnormal pelvic girdle bone morphology (MP:0004509), 		Proximity to UFD1 associated with 22q11.2 deletion syndrome (ORPHA:567): Patent ductus arteriosus (HP:0001643)-Patent ductus arteriosus (HP:0001643), Aortic root aneurysm (HP:0002616)-Abnormal aortic arch morphology (HP:0012303), Genu valgum (HP:0002857)-Patellar dislocation (HP:0002999), 		Proximity to UFD1 Patent ductus arteriosus (HP:0001643)-pericardium edematous, abnormal (ZP:0000038), Aortic root aneurysm (HP:0002616)-pericardium edematous, abnormal (ZP:0000038), Genu valgum (HP:0002857)-mandibular arch skeleton morphology, abnormal (ZP:0001052), 
182	EVPL_AD	EVPL	2125	AD	0.7671	0.0008	0.5000	0.0992	0.0000	0.0000	0.0000	0.5000	0.5000	1.0000	0				Proximity to NSD1 associated with Sotos syndrome (ORPHA:821): Patent ductus arteriosus (HP:0001643)-Patent ductus arteriosus (HP:0001643), Aortic root aneurysm (HP:0002616)-Aortic aneurysm (HP:0004942), Genu valgum (HP:0002857)-Hip contracture (HP:0003273), 		
182	NT5C2_AD	NT5C2	22978	AD	0.7679	0.0008	0.2522	0.3788	0.3732	0.0000	0.0000	0.5044	0.5044	0.5000	0	Autosomal recessive spastic paraplegia type 45 (ORPHA:320396): Genu valgum (HP:0002857)-Knee flexion contracture (HP:0006380), 			Proximity to ADK associated with Hypermethioninemia due to adenosine kinase deficiency (OMIM:614300): Patent ductus arteriosus (HP:0001643)-Coarctation of aorta (HP:0001680), Aortic root aneurysm (HP:0002616)-Coarctation of aorta (HP:0001680), Genu valgum (HP:0002857)-Narrow foot (HP:0001786), 	Proximity to ADK Genu valgum (HP:0002857)-abnormal spine curvature (MP:0004174), 	
182	TSC22D1_AD	TSC22D1	8848	AD	0.7685	0.0008	0.5139	0.0820	0.0000	0.3183	0.0000	0.5139	0.5139	1.0000	0		Patent ductus arteriosus (HP:0001643)-decreased heart weight (MP:0002834), Aortic root aneurysm (HP:0002616)-decreased heart weight (MP:0002834), Genu valgum (HP:0002857)-abnormal bone marrow cell physiology (MP:0009278), 		Proximity to TFE3 associated with Intellectual developmental disorder, X-linked syndromic, with pigmentary mosaicism and coarse facies (OMIM:301066): Patent ductus arteriosus (HP:0001643)-Umbilical hernia (HP:0001537), Aortic root aneurysm (HP:0002616)-Hepatosplenomegaly (HP:0001433), Genu valgum (HP:0002857)-Genu valgum (HP:0002857), 		
182	LRBA_AR	LRBA	987	AR	0.7687	0.0008	0.5000	0.0976	0.3083	0.0000	0.0000	0.5000	0.5000	1.0000	0	Immunodeficiency, common variable, 8, with autoimmunity (OMIM:614700): Patent ductus arteriosus (HP:0001643)-Lymphadenopathy (HP:0002716), Aortic root aneurysm (HP:0002616)-Lymphadenopathy (HP:0002716), Genu valgum (HP:0002857)-Arthritis (HP:0001369), 			Proximity to NEB associated with Typical nemaline myopathy (ORPHA:171436): Genu valgum (HP:0002857)-Genu valgum (HP:0002857), 	Proximity to NEB Genu valgum (HP:0002857)-kyphosis (MP:0000160), 	Proximity to NEB Patent ductus arteriosus (HP:0001643)-pericardium edematous, abnormal (ZP:0000038), Aortic root aneurysm (HP:0002616)-pericardium edematous, abnormal (ZP:0000038), 
230	RGPD4_AR	RGPD4	285190	AR	0.7741	0.0007	0.5012	0.0905	0.0000	0.0000	0.0000	0.5012	0.5012	1.0000	0				Proximity to PRKCZ associated with 1p36 deletion syndrome (ORPHA:1606): Patent ductus arteriosus (HP:0001643)-Patent ductus arteriosus (HP:0001643), Aortic root aneurysm (HP:0002616)-Aortic arch aneurysm (HP:0005113), Genu valgum (HP:0002857)-Hip dysplasia (HP:0001385), 		Proximity to PRKCZ Patent ductus arteriosus (HP:0001643)-intersegmental vessel has extra parts of type filopodium endothelial tip cell, abnormal (ZP:0008757), Aortic root aneurysm (HP:0002616)-intersegmental vessel has extra parts of type filopodium endothelial tip cell, abnormal (ZP:0008757), Genu valgum (HP:0002857)-scale size, abnormal (ZP:0015029), 
230	SORD_AR	SORD	6652	AR	0.7833	0.0007	0.5002	0.0820	0.3571	0.0000	0.0000	0.5002	0.5002	1.0000	0	Neuronopathy, distal hereditary motor, autosomal recessive 8 (OMIM:618912): Genu valgum (HP:0002857)-Pes cavus (HP:0001761), 			Proximity to GLB1 associated with Mucopolysaccharidosis type IVB (Morquio) (OMIM:253010): Patent ductus arteriosus (HP:0001643)-Intimal thickening in the coronary arteries (HP:0005292), Aortic root aneurysm (HP:0002616)-Intimal thickening in the coronary arteries (HP:0005292), Genu valgum (HP:0002857)-Genu valgum (HP:0002857), 	Proximity to GLB1 Genu valgum (HP:0002857)-abnormal lymphopoiesis (MP:0002401), 	
230	CCDC38_AD	CCDC38	120935	AD	0.7835	0.0007	0.5001	0.0820	0.0000	0.0000	0.0000	0.5001	0.5001	1.0000	0				Proximity to PLXND1 associated with Truncus arteriosus (ORPHA:3384): Patent ductus arteriosus (HP:0001643)-Patent ductus arteriosus (HP:0001643), Aortic root aneurysm (HP:0002616)-Interrupted aortic arch (HP:0011611), Genu valgum (HP:0002857)-Aplasia/hypoplasia involving bones of the extremities (HP:0045060), 	Proximity to PLXND1 Patent ductus arteriosus (HP:0001643)-absent fetal ductus arteriosus (MP:0010565), Aortic root aneurysm (HP:0002616)-right aortic arch (MP:0004158), 	Proximity to PLXND1 Patent ductus arteriosus (HP:0001643)-intersegmental artery increased branchiness, abnormal (ZP:0006066), Aortic root aneurysm (HP:0002616)-vascular sprouts disorganized, abnormal (ZP:0004216), 
233	GPR42_AR	GPR42	2866	AR	0.7860	0.0006	0.3113	0.2930	0.0000	0.3113	0.0000	0.0000	0.3113	1.0000	0		Patent ductus arteriosus (HP:0001643)-abnormal heart rate (MP:0001629), Aortic root aneurysm (HP:0002616)-abnormal heart rate (MP:0001629), 				
233	MUC20_AR	MUC20	200958	AR	0.7916	0.0006	0.5044	0.0685	0.0000	0.0000	0.0000	0.5044	0.5044	1.0000	0				Proximity to GALNT3 associated with Tumoral calcinosis, hyperphosphatemic, familial, 1 (OMIM:211900): Patent ductus arteriosus (HP:0001643)-Vascular calcification (HP:0004934), Aortic root aneurysm (HP:0002616)-Vascular calcification (HP:0004934), 	Proximity to GALNT3 Patent ductus arteriosus (HP:0001643)-calcified aorta (MP:0010522), Aortic root aneurysm (HP:0002616)-calcified aorta (MP:0010522), Genu valgum (HP:0002857)-increased compact bone volume (MP:0010964), 	
233	C4A_AD	C4A	720	AD	0.7968	0.0006	0.1803	0.4299	0.4506	0.3605	0.0000	0.0000	0.4506	0.5000	0	C4a deficiency (OMIM:614380): Patent ductus arteriosus (HP:0001643)-Vasculitis (HP:0002633), Aortic root aneurysm (HP:0002616)-Vasculitis (HP:0002633), 	Patent ductus arteriosus (HP:0001643)-decreased vascular permeability (MP:0003071), Aortic root aneurysm (HP:0002616)-decreased vascular permeability (MP:0003071), 				
233	LCN15_AD	LCN15	389812	AD	0.8002	0.0006	0.5006	0.0638	0.0000	0.0000	0.0000	0.5006	0.5006	1.0000	0				Proximity to KIF22 associated with Spondyloepimetaphyseal dysplasia with joint laxity, type 2 (OMIM:603546): Patent ductus arteriosus (HP:0001643)-Spinal dysraphism (HP:0010301), Genu valgum (HP:0002857)-Genu valgum (HP:0002857), 		
237	CPD_AD	CPD	1362	AD	0.8036	0.0005	0.5000	0.0610	0.0000	0.0000	0.0000	0.5000	0.5000	1.0000	0				Proximity to CUX1 associated with Global developmental delay with or without impaired intellectual development (OMIM:618330): Patent ductus arteriosus (HP:0001643)-Patent ductus arteriosus (HP:0001643), Aortic root aneurysm (HP:0002616)-Patent ductus arteriosus (HP:0001643), Genu valgum (HP:0002857)-Pectus excavatum (HP:0000767), 	Proximity to CUX1 Genu valgum (HP:0002857)-curly vibrissae (MP:0001274), 	
237	MTTP_AD	MTTP	4547	AD	0.8177	0.0005	0.2514	0.3276	0.4023	0.4336	0.3260	0.5028	0.5028	0.5000	0	Abetalipoproteinemia (ORPHA:14): Patent ductus arteriosus (HP:0001643)-Cardiomegaly (HP:0001640), Aortic root aneurysm (HP:0002616)-Cardiomegaly (HP:0001640), Genu valgum (HP:0002857)-Pes cavus (HP:0001761), 	Patent ductus arteriosus (HP:0001643)-incomplete rostral neuropore closure (MP:0000928), Aortic root aneurysm (HP:0002616)-hemorrhage (MP:0001914), 	Patent ductus arteriosus (HP:0001643)-subintestinal vein morphology, abnormal (ZP:0005758), Aortic root aneurysm (HP:0002616)-subintestinal vein morphology, abnormal (ZP:0005758), 	Proximity to NR2F2 associated with Congenital heart defects, multiple types, 4 (OMIM:615779): Patent ductus arteriosus (HP:0001643)-Coarctation of aorta (HP:0001680), Aortic root aneurysm (HP:0002616)-Coarctation of aorta (HP:0001680), 	Proximity to NR2F2 Patent ductus arteriosus (HP:0001643)-abnormal vein morphology (MP:0002725), Aortic root aneurysm (HP:0002616)-abnormal vein morphology (MP:0002725), 	Proximity to NR2F2 Patent ductus arteriosus (HP:0001643)-dorsal aorta fused with posterior cardinal vein, abnormal (ZP:0002091), Aortic root aneurysm (HP:0002616)-dorsal aorta fused with posterior cardinal vein, abnormal (ZP:0002091), 
237	YEATS2_AD	YEATS2	55689	AD	0.8207	0.0005	0.5001	0.0430	0.0000	0.0000	0.0000	0.5001	0.5001	1.0000	0				Proximity to TAF4 associated with Intellectual developmental disorder, autosomal dominant 73 (OMIM:620450): Patent ductus arteriosus (HP:0001643)-Aortic aneurysm (HP:0004942), Aortic root aneurysm (HP:0002616)-Aortic aneurysm (HP:0004942), Genu valgum (HP:0002857)-External tibial torsion (HP:0034373), 		
240	H2AC19_AD	H2AC19	723790	AD	0.8255	0.0004	0.0000	0.6040	0.0000	0.0000	0.0000	0.0000	0.0000	1.0000	0						
240	HCAR2_AD	HCAR2	338442	AD	0.8283	0.0004	0.5000	0.0350	0.0000	0.0000	0.0000	0.5000	0.5000	1.0000	0				Proximity to GNA11 associated with Cutis marmorata telangiectatica congenita (ORPHA:1556): Patent ductus arteriosus (HP:0001643)-Patent ductus arteriosus (HP:0001643), Aortic root aneurysm (HP:0002616)-Arterial stenosis (HP:0100545), Genu valgum (HP:0002857)-Toe syndactyly (HP:0001770), 	Proximity to GNA11 Genu valgum (HP:0002857)-vertebral fusion (MP:0004609), 	
240	MUC15_AD	MUC15	143662	AD	0.8289	0.0004	0.5044	0.0295	0.0000	0.0000	0.0000	0.5044	0.5044	1.0000	0				Proximity to GALNT3 associated with Tumoral calcinosis, hyperphosphatemic, familial, 1 (OMIM:211900): Patent ductus arteriosus (HP:0001643)-Vascular calcification (HP:0004934), Aortic root aneurysm (HP:0002616)-Vascular calcification (HP:0004934), 	Proximity to GALNT3 Patent ductus arteriosus (HP:0001643)-calcified aorta (MP:0010522), Aortic root aneurysm (HP:0002616)-calcified aorta (MP:0010522), Genu valgum (HP:0002857)-increased compact bone volume (MP:0010964), 	
240	CCDC200_AD	CCDC200	100874261	AD	0.8292	0.0004	0.0000	0.6000	0.0000	0.0000	0.0000	0.0000	0.0000	1.0000	0						
240	CNTNAP3B_AR	CNTNAP3B	728577	AR	0.8292	0.0004	0.0000	0.6000	0.0000	0.0000	0.0000	0.0000	0.0000	1.0000	0						
240	GOLGA8S_AD	GOLGA8S	653061	AD	0.8292	0.0004	0.0000	0.6000	0.0000	0.0000	0.0000	0.0000	0.0000	1.0000	0						
240	NBPF12_AD	NBPF12	149013	AD	0.8292	0.0004	0.0000	0.6000	0.0000	0.0000	0.0000	0.0000	0.0000	1.0000	0						
240	PCDHB16_AR	PCDHB16	57717	AR	0.8292	0.0004	0.0000	0.6000	0.0000	0.0000	0.0000	0.0000	0.0000	1.0000	0						
240	POTEB3_AR	POTEB3	102724631	AR	0.8292	0.0004	0.0000	0.6000	0.0000	0.0000	0.0000	0.0000	0.0000	1.0000	0						
240	SPATA31A3_AR	SPATA31A3	727830	AR	0.8292	0.0004	0.0000	0.6000	0.0000	0.0000	0.0000	0.0000	0.0000	1.0000	0						
240	SPATA31A6_AR	SPATA31A6	389730	AR	0.8292	0.0004	0.0000	0.6000	0.0000	0.0000	0.0000	0.0000	0.0000	1.0000	0						
240	SSU72L5_AR	SSU72L5	196120	AR	0.8292	0.0004	0.0000	0.6000	0.0000	0.0000	0.0000	0.0000	0.0000	1.0000	0						
240	ZC3H11C_AD	ZC3H11C	441155	AD	0.8292	0.0004	0.0000	0.6000	0.0000	0.0000	0.0000	0.0000	0.0000	1.0000	0						
240	ZC3H11C_AR	ZC3H11C	441155	AR	0.8292	0.0004	0.0000	0.6000	0.0000	0.0000	0.0000	0.0000	0.0000	1.0000	0						
240	ZAN_AD	ZAN	7455	AD	0.8293	0.0004	0.0000	0.6000	0.0000	0.0000	0.0000	0.0000	0.0000	1.0000	0						
240	OR10X1_AD	OR10X1	128367	AD	0.8294	0.0004	0.0000	0.5999	0.0000	0.0000	0.0000	0.0000	0.0000	1.0000	0						
240	MAP3K9_AR	MAP3K9	4293	AR	0.8328	0.0004	0.5001	0.0303	0.0000	0.2749	0.0000	0.5001	0.5001	1.0000	0		Patent ductus arteriosus (HP:0001643)-eye hemorrhage (MP:0006203), Aortic root aneurysm (HP:0002616)-eye hemorrhage (MP:0006203), 		Proximity to MKKS associated with McKusick-Kaufman syndrome (ORPHA:2473): Patent ductus arteriosus (HP:0001643)-Patent ductus arteriosus (HP:0001643), Aortic root aneurysm (HP:0002616)-Patent ductus arteriosus (HP:0001643), Genu valgum (HP:0002857)-Tarsal synostosis (HP:0008368), 	Proximity to MKKS Patent ductus arteriosus (HP:0001643)-increased systemic arterial blood pressure (MP:0002842), Aortic root aneurysm (HP:0002616)-increased systemic arterial blood pressure (MP:0002842), 	Proximity to MKKS Genu valgum (HP:0002857)-notochord kinked, abnormal (ZP:0001556), 
240	ACOT2_AR	ACOT2	10965	AR	0.8361	0.0004	0.5007	0.0260	0.0000	0.0000	0.0000	0.5007	0.5007	1.0000	0				Proximity to HACD1 associated with Congenital myopathy 11 (OMIM:619967): Patent ductus arteriosus (HP:0001643)-Patent ductus arteriosus (HP:0001643), Aortic root aneurysm (HP:0002616)-Patent ductus arteriosus (HP:0001643), 	Proximity to HACD1 Patent ductus arteriosus (HP:0001643)-abnormal blood vessel morphology (MP:0001614), Aortic root aneurysm (HP:0002616)-abnormal blood vessel morphology (MP:0001614), 	
240	HLA-A_AD	HLA-A	3105	AD	0.8397	0.0004	0.5037	0.0190	0.3379	0.0000	0.0000	0.5037	0.5037	1.0000	0	Birdshot chorioretinopathy (ORPHA:179): Patent ductus arteriosus (HP:0001643)-Abnormal choroid morphology (HP:0000610), Aortic root aneurysm (HP:0002616)-Abnormal choroid morphology (HP:0000610), 			Proximity to HLA-B associated with Takayasu arteritis (ORPHA:3287): Patent ductus arteriosus (HP:0001643)-Ascending tubular aorta aneurysm (HP:0004970), Aortic root aneurysm (HP:0002616)-Ascending tubular aorta aneurysm (HP:0004970), Genu valgum (HP:0002857)-Arthritis (HP:0001369), 	Proximity to HLA-B Patent ductus arteriosus (HP:0001643)-increased heart weight (MP:0002833), Aortic root aneurysm (HP:0002616)-increased heart weight (MP:0002833), 	
240	RAET1L_AD	RAET1L	154064	AD	0.8418	0.0004	0.5000	0.0210	0.0000	0.0000	0.0000	0.5000	0.5000	1.0000	0				Proximity to AGGF1 associated with Klippel-Trénaunay syndrome (ORPHA:90308): Patent ductus arteriosus (HP:0001643)-Patent ductus arteriosus (HP:0001643), Aortic root aneurysm (HP:0002616)-Patent ductus arteriosus (HP:0001643), Genu valgum (HP:0002857)-Lower limb asymmetry (HP:0100559), 	Proximity to AGGF1 Patent ductus arteriosus (HP:0001643)-abnormal vascular development (MP:0000259), Aortic root aneurysm (HP:0002616)-abnormal vascular development (MP:0000259), 	Proximity to AGGF1 Patent ductus arteriosus (HP:0001643)-intersegmental vessel morphology, abnormal (ZP:0001301), Aortic root aneurysm (HP:0002616)-intersegmental vessel morphology, abnormal (ZP:0001301), 
240	HCAR3_AD	HCAR3	8843	AD	0.8446	0.0004	0.5000	0.0180	0.0000	0.0000	0.0000	0.5000	0.5000	1.0000	0				Proximity to GNA11 associated with Cutis marmorata telangiectatica congenita (ORPHA:1556): Patent ductus arteriosus (HP:0001643)-Patent ductus arteriosus (HP:0001643), Aortic root aneurysm (HP:0002616)-Arterial stenosis (HP:0100545), Genu valgum (HP:0002857)-Toe syndactyly (HP:0001770), 	Proximity to GNA11 Genu valgum (HP:0002857)-vertebral fusion (MP:0004609), 	
261	KLRC2_AR	KLRC2	3822	AR	0.8491	0.0003	0.5001	0.0130	0.0000	0.0000	0.0000	0.5001	0.5001	1.0000	0				Proximity to HLA-B associated with Takayasu arteritis (ORPHA:3287): Patent ductus arteriosus (HP:0001643)-Ascending tubular aorta aneurysm (HP:0004970), Aortic root aneurysm (HP:0002616)-Ascending tubular aorta aneurysm (HP:0004970), Genu valgum (HP:0002857)-Arthritis (HP:0001369), 	Proximity to HLA-B Patent ductus arteriosus (HP:0001643)-increased heart weight (MP:0002833), Aortic root aneurysm (HP:0002616)-increased heart weight (MP:0002833), 	
261	KATNIP_AR	KATNIP	23247	AR	0.8511	0.0003	0.3492	0.1815	0.3492	0.0000	0.0000	0.0000	0.3492	1.0000	0	Joubert syndrome (ORPHA:475): Patent ductus arteriosus (HP:0001643)-Situs inversus totalis (HP:0001696), Aortic root aneurysm (HP:0002616)-Abnormal cardiovascular system morphology (HP:0030680), Genu valgum (HP:0002857)-Hand polydactyly (HP:0001161), 					
261	RAET1L_AR	RAET1L	154064	AR	0.8528	0.0003	0.5000	0.0090	0.0000	0.0000	0.0000	0.5000	0.5000	1.0000	0				Proximity to AGGF1 associated with Klippel-Trénaunay syndrome (ORPHA:90308): Patent ductus arteriosus (HP:0001643)-Patent ductus arteriosus (HP:0001643), Aortic root aneurysm (HP:0002616)-Patent ductus arteriosus (HP:0001643), Genu valgum (HP:0002857)-Lower limb asymmetry (HP:0100559), 	Proximity to AGGF1 Patent ductus arteriosus (HP:0001643)-abnormal vascular development (MP:0000259), Aortic root aneurysm (HP:0002616)-abnormal vascular development (MP:0000259), 	Proximity to AGGF1 Patent ductus arteriosus (HP:0001643)-intersegmental vessel morphology, abnormal (ZP:0001301), Aortic root aneurysm (HP:0002616)-intersegmental vessel morphology, abnormal (ZP:0001301), 
261	PRDM9_AR	PRDM9	56979	AR	0.8554	0.0003	0.5000	0.0060	0.0000	0.0000	0.0000	0.5000	0.5000	1.0000	0				Proximity to RAD51C associated with Fanconi anemia (ORPHA:84): Patent ductus arteriosus (HP:0001643)-Patent ductus arteriosus (HP:0001643), Aortic root aneurysm (HP:0002616)-Abnormal aortic morphology (HP:0001679), Genu valgum (HP:0002857)-Hip dislocation (HP:0002827), 		
261	FCGR1A_AD	FCGR1A	2209	AD	0.8587	0.0003	0.1532	0.3945	0.0000	0.1532	0.0000	0.0000	0.1532	1.0000	0		Genu valgum (HP:0002857)-abnormal dendritic cell differentiation (MP:0008115), 				
266	MORF4L1_AD	MORF4L1	10933	AD	0.8691	0.0002	0.3841	0.0999	0.0000	0.3841	0.0000	0.0000	0.3841	1.0000	0		Patent ductus arteriosus (HP:0001643)-visceral vascular congestion (MP:0010017), Aortic root aneurysm (HP:0002616)-visceral vascular congestion (MP:0010017), 				
266	SLX4_AD	SLX4	84464	AD	0.8712	0.0002	0.2513	0.2430	0.6070	0.3992	0.0000	0.5026	0.6070	0.5000	0	Fanconi anemia (ORPHA:84): Patent ductus arteriosus (HP:0001643)-Patent ductus arteriosus (HP:0001643), Aortic root aneurysm (HP:0002616)-Abnormal aortic morphology (HP:0001679), Genu valgum (HP:0002857)-Hip dislocation (HP:0002827), 	Patent ductus arteriosus (HP:0001643)-abnormal retina vasculature morphology (MP:0002792), Aortic root aneurysm (HP:0002616)-abnormal retina vasculature morphology (MP:0002792), Genu valgum (HP:0002857)-domed cranium (MP:0000440), 		Proximity to FANCI associated with Fanconi anemia (ORPHA:84): Patent ductus arteriosus (HP:0001643)-Patent ductus arteriosus (HP:0001643), Aortic root aneurysm (HP:0002616)-Abnormal aortic morphology (HP:0001679), Genu valgum (HP:0002857)-Hip dislocation (HP:0002827), 	Proximity to FANCI Genu valgum (HP:0002857)-fused phalanges (MP:0008730), 	
266	FOXI3_AD	FOXI3	344167	AD	0.8713	0.0002	0.3774	0.0999	0.2455	0.3774	0.2754	0.0000	0.3774	1.0000	0	Craniofacial microsomia 2 (OMIM:620444): Patent ductus arteriosus (HP:0001643)-Submucous cleft palate (HP:5201016), Genu valgum (HP:0002857)-Microtia (HP:0008551), 	Patent ductus arteriosus (HP:0001643)-cranioschisis (MP:0000919), Genu valgum (HP:0002857)-cranioschisis (MP:0000919), 	Patent ductus arteriosus (HP:0001643)-heart edematous, abnormal (ZP:0001192), Aortic root aneurysm (HP:0002616)-heart edematous, abnormal (ZP:0001192), 			
266	PCNX3_AD	PCNX3	399909	AD	0.8718	0.0002	0.0000	0.5255	0.0000	0.0000	0.0000	0.0000	0.0000	1.0000	0						
266	ZFYVE28_AD	ZFYVE28	57732	AD	0.8721	0.0002	0.0000	0.5244	0.0000	0.0000	0.0000	0.0000	0.0000	1.0000	0						
266	HLA-C_AR	HLA-C	3107	AR	0.8740	0.0002	0.2519	0.2331	0.2616	0.2971	0.0000	0.5038	0.5038	0.5000	0	Psoriasis susceptibility 1 (OMIM:177900): Genu valgum (HP:0002857)-Arthritis (HP:0001369), 	Patent ductus arteriosus (HP:0001643)-increased heart weight (MP:0002833), Aortic root aneurysm (HP:0002616)-increased heart weight (MP:0002833), 		Proximity to HLA-B associated with Takayasu arteritis (ORPHA:3287): Patent ductus arteriosus (HP:0001643)-Ascending tubular aorta aneurysm (HP:0004970), Aortic root aneurysm (HP:0002616)-Ascending tubular aorta aneurysm (HP:0004970), Genu valgum (HP:0002857)-Arthritis (HP:0001369), 	Proximity to HLA-B Patent ductus arteriosus (HP:0001643)-increased heart weight (MP:0002833), Aortic root aneurysm (HP:0002616)-increased heart weight (MP:0002833), 	
266	RTTN_AD	RTTN	25914	AD	0.8743	0.0002	0.1741	0.3200	0.3842	0.3482	0.0000	0.0000	0.3842	0.5000	0	Microcephalic cortical malformations-short stature due to RTTN deficiency (ORPHA:468631): Patent ductus arteriosus (HP:0001643)-Attenuation of retinal blood vessels (HP:0007843), Aortic root aneurysm (HP:0002616)-Attenuation of retinal blood vessels (HP:0007843), Genu valgum (HP:0002857)-Knee flexion contracture (HP:0006380), 	Patent ductus arteriosus (HP:0001643)-small heart (MP:0002188), Aortic root aneurysm (HP:0002616)-small heart (MP:0002188), Genu valgum (HP:0002857)-decreased bone mineral content (MP:0010124), 				
266	C4B_AD	C4B	721	AD	0.8769	0.0002	0.3605	0.1000	0.3155	0.3605	0.0000	0.0000	0.3605	1.0000	0	Systemic lupus erythematosus (ORPHA:536): Patent ductus arteriosus (HP:0001643)-Lymphadenopathy (HP:0002716), Aortic root aneurysm (HP:0002616)-Lymphadenopathy (HP:0002716), Genu valgum (HP:0002857)-Arthritis (HP:0001369), 	Patent ductus arteriosus (HP:0001643)-decreased vascular permeability (MP:0003071), Aortic root aneurysm (HP:0002616)-decreased vascular permeability (MP:0003071), 				
266	CTAGE4_AR	CTAGE4	100128553	AR	0.8775	0.0002	0.0000	0.5063	0.0000	0.0000	0.0000	0.0000	0.0000	1.0000	0						
266	LHX6_AD	LHX6	26468	AD	0.8780	0.0002	0.0000	0.5045	0.0000	0.0000	0.0000	0.0000	0.0000	1.0000	0						
266	NFKBIL1_AD	NFKBIL1	4795	AD	0.8801	0.0002	0.0000	0.4974	0.4613	0.0000	0.0000	0.0000	0.4613	1.0000	0	Rheumatoid arthritis, susceptibility to (OMIM:180300): Patent ductus arteriosus (HP:0001643)-Vasculitis (HP:0002633), Aortic root aneurysm (HP:0002616)-Vasculitis (HP:0002633), Genu valgum (HP:0002857)-Interphalangeal joint erosions (HP:0006252), 					
266	CUEDC1_AD	CUEDC1	404093	AD	0.8812	0.0002	0.0000	0.4934	0.0000	0.0000	0.0000	0.0000	0.0000	1.0000	0						
266	HLA-C_AD	HLA-C	3107	AD	0.8825	0.0002	0.2519	0.2037	0.2616	0.2971	0.0000	0.5038	0.5038	0.5000	0	Psoriasis susceptibility 1 (OMIM:177900): Genu valgum (HP:0002857)-Arthritis (HP:0001369), 	Patent ductus arteriosus (HP:0001643)-increased heart weight (MP:0002833), Aortic root aneurysm (HP:0002616)-increased heart weight (MP:0002833), 		Proximity to HLA-B associated with Takayasu arteritis (ORPHA:3287): Patent ductus arteriosus (HP:0001643)-Ascending tubular aorta aneurysm (HP:0004970), Aortic root aneurysm (HP:0002616)-Ascending tubular aorta aneurysm (HP:0004970), Genu valgum (HP:0002857)-Arthritis (HP:0001369), 	Proximity to HLA-B Patent ductus arteriosus (HP:0001643)-increased heart weight (MP:0002833), Aortic root aneurysm (HP:0002616)-increased heart weight (MP:0002833), 	
266	C4B_AR	C4B	721	AR	0.8826	0.0002	0.3605	0.0806	0.3155	0.3605	0.0000	0.0000	0.3605	1.0000	0	Systemic lupus erythematosus (ORPHA:536): Patent ductus arteriosus (HP:0001643)-Lymphadenopathy (HP:0002716), Aortic root aneurysm (HP:0002616)-Lymphadenopathy (HP:0002716), Genu valgum (HP:0002857)-Arthritis (HP:0001369), 	Patent ductus arteriosus (HP:0001643)-decreased vascular permeability (MP:0003071), Aortic root aneurysm (HP:0002616)-decreased vascular permeability (MP:0003071), 				
280	TNXB_AD	TNXB	7148	AD	0.8837	0.0001	0.3399	0.1000	0.5100	0.3399	0.0000	0.0000	0.5100	1.0000	0	Classical-like Ehlers-Danlos syndrome type 1 (ORPHA:230839): Patent ductus arteriosus (HP:0001643)-Precocious atherosclerosis (HP:0004416), Aortic root aneurysm (HP:0002616)-Precocious atherosclerosis (HP:0004416), 	Patent ductus arteriosus (HP:0001643)-enlarged heart (MP:0000274), Aortic root aneurysm (HP:0002616)-enlarged heart (MP:0000274), Genu valgum (HP:0002857)-decreased bone mineral content (MP:0010124), 				
280	FLT4_AR	FLT4	2324	AR	0.8859	0.0001	0.2568	0.1869	0.6470	0.4206	0.3137	0.5135	0.6470	0.5000	0	Congenital heart defects, multiple types, 7 (OMIM:618780): Patent ductus arteriosus (HP:0001643)-Aortopulmonary collateral arteries (HP:0031834), Aortic root aneurysm (HP:0002616)-Aortopulmonary collateral arteries (HP:0031834), 	Patent ductus arteriosus (HP:0001643)-abnormal dorsal aorta morphology (MP:0004787), Aortic root aneurysm (HP:0002616)-abnormal vascular development (MP:0000259), 	Patent ductus arteriosus (HP:0001643)-posterior cardinal vein lacks parts or has fewer parts of type lymphangiogenic sprout, abnormal (ZP:0011837), Aortic root aneurysm (HP:0002616)-posterior cardinal vein lacks parts or has fewer parts of type lymphangiogenic sprout, abnormal (ZP:0011837), 	Proximity to PDPN associated with 1p36 deletion syndrome (ORPHA:1606): Patent ductus arteriosus (HP:0001643)-Patent ductus arteriosus (HP:0001643), Aortic root aneurysm (HP:0002616)-Aortic arch aneurysm (HP:0005113), Genu valgum (HP:0002857)-Hip dysplasia (HP:0001385), 	Proximity to PDPN Patent ductus arteriosus (HP:0001643)-abnormal coronary artery morphology (MP:0004111), Aortic root aneurysm (HP:0002616)-abnormal coronary artery morphology (MP:0004111), 	
280	CYP21A2_AR	CYP21A2	1589	AR	0.8863	0.0001	0.2679	0.1725	0.2679	0.0000	0.0000	0.0000	0.2679	1.0000	0	Hyperandrogenism, nonclassic type, due to 21-hydroxylase deficiency (OMIM:201910): Patent ductus arteriosus (HP:0001643)-Hypertension (HP:0000822), Aortic root aneurysm (HP:0002616)-Hypertension (HP:0000822), 					
280	PRAMEF11_AR	PRAMEF11	440560	AR	0.8864	0.0001	0.3319	0.1000	0.0000	0.3319	0.0000	0.0000	0.3319	1.0000	0		Patent ductus arteriosus (HP:0001643)-small heart (MP:0002188), Aortic root aneurysm (HP:0002616)-small heart (MP:0002188), 				
280	PRAMEF9_AD	PRAMEF9	343070	AD	0.8864	0.0001	0.3319	0.1000	0.0000	0.3319	0.0000	0.0000	0.3319	1.0000	0		Patent ductus arteriosus (HP:0001643)-small heart (MP:0002188), Aortic root aneurysm (HP:0002616)-small heart (MP:0002188), 				
280	PPIE_AD	PPIE	10450	AD	0.8879	0.0001	0.0000	0.4700	0.0000	0.0000	0.0000	0.0000	0.0000	1.0000	0						
280	ZNF420_AD	ZNF420	147923	AD	0.8892	0.0001	0.0000	0.4655	0.0000	0.0000	0.0000	0.0000	0.0000	1.0000	0						
280	PIEZO2_AR	PIEZO2	63895	AR	0.8906	0.0001	0.3240	0.0936	0.4124	0.0000	0.0000	0.0000	0.4124	1.0000	0	Arthrogryposis, distal, type 5 (OMIM:108145): Genu valgum (HP:0002857)-Recurrent patellar dislocation (HP:0005001), 					
280	OBSCN_AR	OBSCN	84033	AR	0.8934	0.0001	0.3530	0.0514	0.0000	0.3530	0.3367	0.0000	0.3530	1.0000	0		Patent ductus arteriosus (HP:0001643)-cardiac fibrosis (MP:0003141), Aortic root aneurysm (HP:0002616)-cardiac fibrosis (MP:0003141), 	Patent ductus arteriosus (HP:0001643)-cardiac ventricle decreased size, abnormal (ZP:0000528), Aortic root aneurysm (HP:0002616)-pericardium edematous, abnormal (ZP:0000038), 			
280	TNS2_AD	TNS2	23371	AD	0.8974	0.0001	0.0000	0.4364	0.0000	0.0000	0.0000	0.0000	0.0000	1.0000	0						
280	PRAMEF17_AD	PRAMEF17	391004	AD	0.8993	0.0001	0.3319	0.0540	0.0000	0.3319	0.0000	0.0000	0.3319	1.0000	0		Patent ductus arteriosus (HP:0001643)-small heart (MP:0002188), Aortic root aneurysm (HP:0002616)-small heart (MP:0002188), 				
280	MUC5B_AD	MUC5B	727897	AD	0.8998	0.0001	0.2895	0.1000	0.2895	0.0000	0.0000	0.0000	0.2895	1.0000	0	Pulmonary fibrosis, idiopathic, susceptibility to (OMIM:178500): Patent ductus arteriosus (HP:0001643)-Pulmonary arterial hypertension (HP:0002092), Aortic root aneurysm (HP:0002616)-Pulmonary arterial hypertension (HP:0002092), Genu valgum (HP:0002857)-Clubbing of fingers (HP:0100759), 					
280	RHCE_AR	RHCE	6006	AR	0.9075	0.0001	0.2335	0.1367	0.2335	0.0000	0.0000	0.0000	0.2335	1.0000	0	Rh deficiency syndrome (ORPHA:71275): Patent ductus arteriosus (HP:0001643)-Hepatosplenomegaly (HP:0001433), Aortic root aneurysm (HP:0002616)-Hepatosplenomegaly (HP:0001433), Genu valgum (HP:0002857)-Stomatocytosis (HP:0004446), 					
280	CEP290_AD	CEP290	80184	AD	0.9086	0.0001	0.2625	0.0996	0.5653	0.5234	0.2997	0.5251	0.5653	0.5000	0	Meckel syndrome 4 (OMIM:611134): Patent ductus arteriosus (HP:0001643)-Ventricular septal defect (HP:0001629), Aortic root aneurysm (HP:0002616)-Ventricular septal defect (HP:0001629), Genu valgum (HP:0002857)-Bowing of the long bones (HP:0006487), 	Patent ductus arteriosus (HP:0001643)-inlet ventricular septal defect (MP:0010419), Aortic root aneurysm (HP:0002616)-abnormal inferior vena cava morphology (MP:0006063), Genu valgum (HP:0002857)-micrognathia (MP:0002639), 	Patent ductus arteriosus (HP:0001643)-pericardium edematous, abnormal (ZP:0000038), Aortic root aneurysm (HP:0002616)-pericardium edematous, abnormal (ZP:0000038), Genu valgum (HP:0002857)-whole organism curved ventral, abnormal (ZP:0000856), 	Proximity to RPGRIP1L associated with Joubert syndrome 7 (OMIM:611560): Genu valgum (HP:0002857)-Genu valgum (HP:0002857), 	Proximity to RPGRIP1L Patent ductus arteriosus (HP:0001643)-atrial septal defect (MP:0010403), Aortic root aneurysm (HP:0002616)-right aortic arch (MP:0004158), Genu valgum (HP:0002857)-fusion of vertebral arches (MP:0004613), 	Proximity to RPGRIP1L Genu valgum (HP:0002857)-post-vent region curved dorsal, abnormal (ZP:0001255), 
280	CYP24A1_AD	CYP24A1	1591	AD	0.9095	0.0001	0.2596	0.0999	0.0000	0.1663	0.0000	0.5193	0.5193	0.5000	0		Genu valgum (HP:0002857)-abnormal bone ossification (MP:0008271), 		Proximity to CYP27B1 associated with Hypocalcemic vitamin D-dependent rickets (ORPHA:289157): Patent ductus arteriosus (HP:0001643)-Cardiomyopathy (HP:0001638), Aortic root aneurysm (HP:0002616)-Cardiomyopathy (HP:0001638), Genu valgum (HP:0002857)-Genu varum (HP:0002970), 	Proximity to CYP27B1 Genu valgum (HP:0002857)-short tibia (MP:0002764), 	Proximity to CYP27B1 Patent ductus arteriosus (HP:0001643)-ventral wall of dorsal aorta has fewer parts of type hematopoietic multipotent progenitor cell, abnormal (ZP:0100042), Aortic root aneurysm (HP:0002616)-ventral wall of dorsal aorta has fewer parts of type hematopoietic multipotent progenitor cell, abnormal (ZP:0100042), 
280	SEMA4A_AD	SEMA4A	64218	AD	0.9109	0.0001	0.2560	0.0989	0.2446	0.1354	0.0000	0.5119	0.5119	0.5000	0	Retinitis pigmentosa (ORPHA:791): Patent ductus arteriosus (HP:0001643)-Abnormal retinal vascular morphology (HP:0008046), Aortic root aneurysm (HP:0002616)-Abnormal retinal vascular morphology (HP:0008046), 	Genu valgum (HP:0002857)-abnormal T-helper 1 cell differentiation (MP:0008088), 		Proximity to PLXND1 associated with Truncus arteriosus (ORPHA:3384): Patent ductus arteriosus (HP:0001643)-Patent ductus arteriosus (HP:0001643), Aortic root aneurysm (HP:0002616)-Interrupted aortic arch (HP:0011611), Genu valgum (HP:0002857)-Aplasia/hypoplasia involving bones of the extremities (HP:0045060), 	Proximity to PLXND1 Patent ductus arteriosus (HP:0001643)-absent fetal ductus arteriosus (MP:0010565), Aortic root aneurysm (HP:0002616)-right aortic arch (MP:0004158), 	Proximity to PLXND1 Patent ductus arteriosus (HP:0001643)-intersegmental artery increased branchiness, abnormal (ZP:0006066), Aortic root aneurysm (HP:0002616)-vascular sprouts disorganized, abnormal (ZP:0004216), 
280	FANCD2_AD	FANCD2	2177	AD	0.9111	0.0001	0.2544	0.1000	0.6098	0.2751	0.0000	0.5088	0.6098	0.5000	0	Fanconi anemia, complementation group D2 (OMIM:227646): Patent ductus arteriosus (HP:0001643)-Patent ductus arteriosus (HP:0001643), Aortic root aneurysm (HP:0002616)-Patent ductus arteriosus (HP:0001643), Genu valgum (HP:0002857)-Partial duplication of thumb phalanx (HP:0009944), 	Patent ductus arteriosus (HP:0001643)-abnormal retina blood vessel morphology (MP:0010097), Aortic root aneurysm (HP:0002616)-abnormal retina blood vessel morphology (MP:0010097), 		Proximity to PALB2 associated with Fanconi anemia (ORPHA:84): Patent ductus arteriosus (HP:0001643)-Patent ductus arteriosus (HP:0001643), Aortic root aneurysm (HP:0002616)-Abnormal aortic morphology (HP:0001679), Genu valgum (HP:0002857)-Hip dislocation (HP:0002827), 	Proximity to PALB2 Patent ductus arteriosus (HP:0001643)-abnormal vitelline vasculature morphology (MP:0003229), Aortic root aneurysm (HP:0002616)-abnormal vitelline vasculature morphology (MP:0003229), 	
280	FANCI_AD	FANCI	55215	AD	0.9112	0.0001	0.2544	0.1000	0.6070	0.3414	0.0000	0.5087	0.6070	0.5000	0	Fanconi anemia (ORPHA:84): Patent ductus arteriosus (HP:0001643)-Patent ductus arteriosus (HP:0001643), Aortic root aneurysm (HP:0002616)-Abnormal aortic morphology (HP:0001679), Genu valgum (HP:0002857)-Hip dislocation (HP:0002827), 	Genu valgum (HP:0002857)-fused phalanges (MP:0008730), 		Proximity to PALB2 associated with Fanconi anemia (ORPHA:84): Patent ductus arteriosus (HP:0001643)-Patent ductus arteriosus (HP:0001643), Aortic root aneurysm (HP:0002616)-Abnormal aortic morphology (HP:0001679), Genu valgum (HP:0002857)-Hip dislocation (HP:0002827), 	Proximity to PALB2 Patent ductus arteriosus (HP:0001643)-abnormal vitelline vasculature morphology (MP:0003229), Aortic root aneurysm (HP:0002616)-abnormal vitelline vasculature morphology (MP:0003229), 	
280	ANAPC1_AD	ANAPC1	64682	AD	0.9119	0.0001	0.2518	0.1000	0.6049	0.0000	0.0000	0.5035	0.6049	0.5000	0	Rothmund-Thomson syndrome type 1 (ORPHA:221008): Patent ductus arteriosus (HP:0001643)-Telangiectasia (HP:0001009), Aortic root aneurysm (HP:0002616)-Telangiectasia (HP:0001009), Genu valgum (HP:0002857)-Genu varum (HP:0002970), 			Proximity to MAD2L2 associated with Fanconi anemia (ORPHA:84): Patent ductus arteriosus (HP:0001643)-Patent ductus arteriosus (HP:0001643), Aortic root aneurysm (HP:0002616)-Abnormal aortic morphology (HP:0001679), Genu valgum (HP:0002857)-Hip dislocation (HP:0002827), 	Proximity to MAD2L2 Genu valgum (HP:0002857)-abnormal foot pad morphology (MP:0000574), 	
280	MCIDAS_AD	MCIDAS	345643	AD	0.9120	0.0001	0.2500	0.1017	0.5508	0.0000	0.0000	0.5000	0.5508	0.5000	0	Primary ciliary dyskinesia (ORPHA:244): Patent ductus arteriosus (HP:0001643)-Transposition of the great arteries (HP:0001669), Aortic root aneurysm (HP:0002616)-Abnormal inferior vena cava morphology (HP:0025576), Genu valgum (HP:0002857)-Clubbing (HP:0001217), 			Proximity to SIX3 associated with Septopreoptic holoprosencephaly (ORPHA:280195): Patent ductus arteriosus (HP:0001643)-Coarctation of aorta (HP:0001680), Aortic root aneurysm (HP:0002616)-Coarctation of aorta (HP:0001680), 	Proximity to SIX3 Genu valgum (HP:0002857)-abnormal cranium morphology (MP:0000438), 	
280	HERC1_AD	HERC1	8925	AD	0.9123	0.0001	0.2508	0.0998	0.3063	0.2090	0.0000	0.5017	0.5017	0.5000	0	Megalencephaly-severe kyphoscoliosis-overgrowth syndrome (ORPHA:457359): Genu valgum (HP:0002857)-Pes planus (HP:0001763), 	Genu valgum (HP:0002857)-decreased bone mineral density (MP:0000063), 		Proximity to ARF1 associated with Periventricular nodular heterotopia (ORPHA:98892): Patent ductus arteriosus (HP:0001643)-Patent ductus arteriosus (HP:0001643), Aortic root aneurysm (HP:0002616)-Aortic aneurysm (HP:0004942), Genu valgum (HP:0002857)-Patellar dislocation (HP:0002999), 		Proximity to ARF1 Genu valgum (HP:0002857)-post-vent region increased curvature, abnormal (ZP:0001091), 
280	CENPF_AD	CENPF	1063	AD	0.9123	0.0001	0.2511	0.0994	0.2874	0.0000	0.2233	0.5022	0.5022	0.5000	0	Stromme syndrome (OMIM:243605): Patent ductus arteriosus (HP:0001643)-Iris coloboma (HP:0000612), Aortic root aneurysm (HP:0002616)-Retinal vascular tortuosity (HP:0012841), Genu valgum (HP:0002857)-Preaxial polydactyly (HP:0100258), 		Genu valgum (HP:0002857)-anterior-posterior axis trunk curved, abnormal (ZP:0008901), 	Proximity to CENPT associated with ?Short stature and microcephaly with genital anomalies (OMIM:618702): Genu valgum (HP:0002857)-Genu valgum (HP:0002857), 		
280	PI4KA_AD	PI4KA	5297	AD	0.9123	0.0001	0.2504	0.1000	0.4049	0.0000	0.3246	0.5007	0.5007	0.5000	0	Spastic paraplegia 84, autosomal recessive (OMIM:619621): Genu valgum (HP:0002857)-Pes cavus (HP:0001761), 		Patent ductus arteriosus (HP:0001643)-heart edematous, abnormal (ZP:0001192), Aortic root aneurysm (HP:0002616)-heart edematous, abnormal (ZP:0001192), Genu valgum (HP:0002857)-pectoral fin aplastic, abnormal (ZP:0000056), 	Proximity to PTEN associated with Bannayan-Riley-Ruvalcaba syndrome (ORPHA:109): Patent ductus arteriosus (HP:0001643)-Aortic aneurysm (HP:0004942), Aortic root aneurysm (HP:0002616)-Aortic aneurysm (HP:0004942), Genu valgum (HP:0002857)-Broad thumb (HP:0011304), 	Proximity to PTEN Patent ductus arteriosus (HP:0001643)-cardia bifida (MP:0004187), Aortic root aneurysm (HP:0002616)-cardia bifida (MP:0004187), Genu valgum (HP:0002857)-cardia bifida (MP:0004187), 	Proximity to PTEN Patent ductus arteriosus (HP:0001643)-intersegmental vessel shape, abnormal (ZP:0003730), Aortic root aneurysm (HP:0002616)-intersegmental vessel shape, abnormal (ZP:0003730), Genu valgum (HP:0002857)-post-vent region curved ventral, abnormal (ZP:0000638), 
280	DMGDH_AD	DMGDH	29958	AD	0.9124	0.0001	0.2501	0.1000	0.0000	0.0000	0.0000	0.5003	0.5003	0.5000	0				Proximity to CBS associated with Homocystinuria due to cystathionine beta-synthase deficiency (ORPHA:394): Patent ductus arteriosus (HP:0001643)-Arteriovenous malformation (HP:0100026), Aortic root aneurysm (HP:0002616)-Arteriovenous malformation (HP:0100026), Genu valgum (HP:0002857)-Genu valgum (HP:0002857), 	Proximity to CBS Genu valgum (HP:0002857)-short tibia (MP:0002764), 	
280	PPFIBP1_AD	PPFIBP1	8496	AD	0.9125	0.0001	0.2500	0.0997	0.6844	0.0000	0.0000	0.5001	0.6844	0.5000	0	Neurodevelopmental disorder with seizures, microcephaly, and brain abnormalities (OMIM:620024): Patent ductus arteriosus (HP:0001643)-Patent ductus arteriosus (HP:0001643), Aortic root aneurysm (HP:0002616)-Coronary artery fistula (HP:0011641), 			Proximity to ENG associated with Familial cerebral saccular aneurysm (ORPHA:231160): Patent ductus arteriosus (HP:0001643)-Aortic dissection (HP:0002647), Aortic root aneurysm (HP:0002616)-Aortic root aneurysm (HP:0002616), 	Proximity to ENG Patent ductus arteriosus (HP:0001643)-abnormal carotid artery morphology (MP:0004181), Aortic root aneurysm (HP:0002616)-blood vessel atresia (MP:0000265), 	Proximity to ENG Patent ductus arteriosus (HP:0001643)-dorsal aorta dilated, abnormal (ZP:0020401), Aortic root aneurysm (HP:0002616)-dorsal aorta dilated, abnormal (ZP:0020401), 
280	ALMS1_AD	ALMS1	7840	AD	0.9133	0.0001	0.2511	0.0954	0.5288	0.0000	0.3451	0.5022	0.5288	0.5000	0	Alstrom syndrome (OMIM:203800): Patent ductus arteriosus (HP:0001643)-Atherosclerosis (HP:0002621), Aortic root aneurysm (HP:0002616)-Atherosclerosis (HP:0002621), Genu valgum (HP:0002857)-Pes planus (HP:0001763), 		Patent ductus arteriosus (HP:0001643)-cardiac ventricle morphology, abnormal (ZP:0005415), Aortic root aneurysm (HP:0002616)-heart edematous, abnormal (ZP:0001192), 	Proximity to PCNT associated with Microcephalic osteodysplastic primordial dwarfism type II (ORPHA:2637): Patent ductus arteriosus (HP:0001643)-Patent ductus arteriosus (HP:0001643), Aortic root aneurysm (HP:0002616)-Vascular dilatation (HP:0002617), Genu valgum (HP:0002857)-Abnormal metaphysis morphology (HP:0000944), 	Proximity to PCNT Patent ductus arteriosus (HP:0001643)-ventricular septal defect (MP:0010402), Aortic root aneurysm (HP:0002616)-overriding aortic valve (MP:0000273), Genu valgum (HP:0002857)-syndactyly (MP:0000564), 	
280	DNAH17_AR	DNAH17	8632	AR	0.9154	0.0001	0.0000	0.3719	0.0000	0.0000	0.0000	0.0000	0.0000	1.0000	0						
307	VPS13A_AD	VPS13A	23230	AD	0.9173	0.0000	0.0000	0.3647	0.3796	0.0000	0.0000	0.0000	0.3796	0.5000	0	Choreoacanthocytosis (ORPHA:2388): Patent ductus arteriosus (HP:0001643)-Dilated cardiomyopathy (HP:0001644), Aortic root aneurysm (HP:0002616)-Dilated cardiomyopathy (HP:0001644), Genu valgum (HP:0002857)-Peroneal muscle atrophy (HP:0009049), 					
307	PLVAP_AD	PLVAP	83483	AD	0.9252	0.0000	0.2531	0.0482	0.3527	0.5061	0.0000	0.5001	0.5061	0.5000	0	Diarrhea 10, protein-losing enteropathy type (OMIM:618183): Patent ductus arteriosus (HP:0001643)-Pericardial effusion (HP:0001698), Aortic root aneurysm (HP:0002616)-Pericardial effusion (HP:0001698), Genu valgum (HP:0002857)-Low-set ears (HP:0000369), 	Patent ductus arteriosus (HP:0001643)-ventricular septal defect (MP:0010402), Aortic root aneurysm (HP:0002616)-abnormal capillary morphology (MP:0003658), 		Proximity to TAB2 associated with Congenital heart defects, nonsyndromic, 2 (OMIM:614980): Patent ductus arteriosus (HP:0001643)-Aortic aneurysm (HP:0004942), Aortic root aneurysm (HP:0002616)-Aortic aneurysm (HP:0004942), Genu valgum (HP:0002857)-Bicuspid aortic valve (HP:0001647), 	Proximity to TAB2 Patent ductus arteriosus (HP:0001643)-liver hemorrhage (MP:0003888), Aortic root aneurysm (HP:0002616)-liver hemorrhage (MP:0003888), 	Proximity to TAB2 Patent ductus arteriosus (HP:0001643)-heart elongated, abnormal (ZP:0004605), Aortic root aneurysm (HP:0002616)-pericardial cavity increased size, abnormal (ZP:0002610), 
307	ZNF614_AD	ZNF614	80110	AD	0.9267	0.0000	0.0000	0.3284	0.0000	0.0000	0.0000	0.0000	0.0000	1.0000	0						
307	NBPF12_AR	NBPF12	149013	AR	0.9275	0.0000	0.0000	0.3253	0.0000	0.0000	0.0000	0.0000	0.0000	1.0000	0						
307	GOLGA8N_AR	GOLGA8N	643699	AR	0.9290	0.0000	0.0000	0.3188	0.0000	0.0000	0.0000	0.0000	0.0000	1.0000	0						
307	TTC39B_AD	TTC39B	158219	AD	0.9294	0.0000	0.1927	0.0994	0.0000	0.1927	0.0000	0.0000	0.1927	1.0000	0		Genu valgum (HP:0002857)-increased bone mineral density (MP:0000062), 				
307	TNS2_AR	TNS2	23371	AR	0.9295	0.0000	0.0000	0.3168	0.0000	0.0000	0.0000	0.0000	0.0000	1.0000	0						
307	CRYBG2_AR	CRYBG2	55057	AR	0.9314	0.0000	0.0000	0.3090	0.0000	0.0000	0.0000	0.0000	0.0000	1.0000	0						
307	GOLGA8B_AR	GOLGA8B	440270	AR	0.9361	0.0000	0.0000	0.2890	0.0000	0.0000	0.0000	0.0000	0.0000	1.0000	0						
307	SERPINB3_AR	SERPINB3	6317	AR	0.9400	0.0000	0.0000	0.2719	0.0000	0.0000	0.0000	0.0000	0.0000	1.0000	0						
307	DENND2A_AD	DENND2A	27147	AD	0.9418	0.0000	0.0000	0.2647	0.0000	0.0000	0.0000	0.0000	0.0000	1.0000	0						
307	CYP21A2_AD	CYP21A2	1589	AD	0.9460	0.0000	0.0000	0.2469	0.2679	0.0000	0.0000	0.0000	0.2679	0.5000	0	Hyperandrogenism, nonclassic type, due to 21-hydroxylase deficiency (OMIM:201910): Patent ductus arteriosus (HP:0001643)-Hypertension (HP:0000822), Aortic root aneurysm (HP:0002616)-Hypertension (HP:0000822), 					
307	C11orf52_AD	C11orf52	91894	AD	0.9538	0.0000	0.0000	0.2127	0.0000	0.0000	0.0000	0.0000	0.0000	1.0000	0						
307	LAIR1_AD	LAIR1	3903	AD	0.9552	0.0000	0.1384	0.0500	0.0000	0.1384	0.0000	0.0000	0.1384	1.0000	0		Genu valgum (HP:0002857)-increased eosinophil cell number (MP:0005011), 				
307	H2BC12L_AD	H2BC12L	54145	AD	0.9604	0.0000	0.0000	0.1827	0.0000	0.0000	0.0000	0.0000	0.0000	1.0000	0						
307	RFPL4AL1_AR	RFPL4AL1	729974	AR	0.9619	0.0000	0.0000	0.1760	0.0000	0.0000	0.0000	0.0000	0.0000	1.0000	0						
307	RHCE_AD	RHCE	6006	AD	0.9624	0.0000	0.0000	0.1737	0.2335	0.0000	0.0000	0.0000	0.2335	0.5000	0	Rh deficiency syndrome (ORPHA:71275): Patent ductus arteriosus (HP:0001643)-Hepatosplenomegaly (HP:0001433), Aortic root aneurysm (HP:0002616)-Hepatosplenomegaly (HP:0001433), Genu valgum (HP:0002857)-Stomatocytosis (HP:0004446), 					
307	CCDC66_AD	CCDC66	285331	AD	0.9624	0.0000	0.0000	0.1737	0.0000	0.0000	0.0000	0.0000	0.0000	1.0000	0						
307	NPIPB2_AR	NPIPB2	729978	AR	0.9657	0.0000	0.0000	0.1590	0.0000	0.0000	0.0000	0.0000	0.0000	1.0000	0						
307	CTAGE9_AD	CTAGE9	643854	AD	0.9682	0.0000	0.0000	0.1472	0.0000	0.0000	0.0000	0.0000	0.0000	1.0000	0						
307	KRT38_AR	KRT38	8687	AR	0.9682	0.0000	0.0000	0.1472	0.0000	0.0000	0.0000	0.0000	0.0000	1.0000	0						
307	CTAGE4_AD	CTAGE4	100128553	AD	0.9687	0.0000	0.0000	0.1448	0.0000	0.0000	0.0000	0.0000	0.0000	1.0000	0						
307	H2BC12L_AR	H2BC12L	54145	AR	0.9694	0.0000	0.0000	0.1414	0.0000	0.0000	0.0000	0.0000	0.0000	1.0000	0						
307	FHIP1A_AD	FHIP1A	729830	AD	0.9698	0.0000	0.0000	0.1398	0.0000	0.0000	0.0000	0.0000	0.0000	1.0000	0						
307	ZNF492_AD	ZNF492	57615	AD	0.9710	0.0000	0.0000	0.1340	0.0000	0.0000	0.0000	0.0000	0.0000	1.0000	0						
307	IRGC_AD	IRGC	56269	AD	0.9718	0.0000	0.0000	0.1305	0.0000	0.0000	0.0000	0.0000	0.0000	1.0000	0						
307	NBPF3_AD	NBPF3	84224	AD	0.9718	0.0000	0.0000	0.1304	0.0000	0.0000	0.0000	0.0000	0.0000	1.0000	0						
307	PKDREJ_AD	PKDREJ	10343	AD	0.9728	0.0000	0.0000	0.1255	0.0000	0.0000	0.0000	0.0000	0.0000	1.0000	0						
307	ZNF492_AR	ZNF492	57615	AR	0.9747	0.0000	0.0000	0.1170	0.0000	0.0000	0.0000	0.0000	0.0000	1.0000	0						
307	PCDHB15_AR	PCDHB15	56121	AR	0.9751	0.0000	0.0000	0.1154	0.0000	0.0000	0.0000	0.0000	0.0000	1.0000	0						
307	TCAF2_AD	TCAF2	285966	AD	0.9754	0.0000	0.0000	0.1140	0.0000	0.0000	0.0000	0.0000	0.0000	1.0000	0						
307	FASTKD1_AD	FASTKD1	79675	AD	0.9759	0.0000	0.0000	0.1120	0.0000	0.0000	0.0000	0.0000	0.0000	1.0000	0						
307	TCAF2_AR	TCAF2	285966	AR	0.9769	0.0000	0.0000	0.1070	0.0000	0.0000	0.0000	0.0000	0.0000	1.0000	0						
307	APOBEC3A_AR	APOBEC3A	200315	AR	0.9785	0.0000	0.0000	0.1000	0.0000	0.0000	0.0000	0.0000	0.0000	1.0000	0						
307	CGB3_AD	CGB3	1082	AD	0.9785	0.0000	0.0000	0.1000	0.0000	0.0000	0.0000	0.0000	0.0000	1.0000	0						
307	FRG2B_AD	FRG2B	441581	AD	0.9785	0.0000	0.0000	0.1000	0.0000	0.0000	0.0000	0.0000	0.0000	1.0000	0						
307	GOLGA6L2_AR	GOLGA6L2	283685	AR	0.9785	0.0000	0.0000	0.1000	0.0000	0.0000	0.0000	0.0000	0.0000	1.0000	0						
307	GOLGA6L4_AR	GOLGA6L4	643707	AR	0.9785	0.0000	0.0000	0.1000	0.0000	0.0000	0.0000	0.0000	0.0000	1.0000	0						
307	GOLGA8A_AR	GOLGA8A	23015	AR	0.9785	0.0000	0.0000	0.1000	0.0000	0.0000	0.0000	0.0000	0.0000	1.0000	0						
307	HSPA1A_AR	HSPA1A	3303	AR	0.9785	0.0000	0.0000	0.1000	0.0000	0.0000	0.0000	0.0000	0.0000	1.0000	0						
307	HSPA1B_AD	HSPA1B	3304	AD	0.9785	0.0000	0.0000	0.1000	0.0000	0.0000	0.0000	0.0000	0.0000	1.0000	0						
307	HSPA1B_AR	HSPA1B	3304	AR	0.9785	0.0000	0.0000	0.1000	0.0000	0.0000	0.0000	0.0000	0.0000	1.0000	0						
307	NBPF3_AR	NBPF3	84224	AR	0.9785	0.0000	0.0000	0.1000	0.0000	0.0000	0.0000	0.0000	0.0000	1.0000	0						
307	NOTCH2NLB_AR	NOTCH2NLB	100996763	AR	0.9785	0.0000	0.0000	0.1000	0.0000	0.0000	0.0000	0.0000	0.0000	1.0000	0						
307	NUTM2D_AD	NUTM2D	728130	AD	0.9785	0.0000	0.0000	0.1000	0.0000	0.0000	0.0000	0.0000	0.0000	1.0000	0						
307	NUTM2D_AR	NUTM2D	728130	AR	0.9785	0.0000	0.0000	0.1000	0.0000	0.0000	0.0000	0.0000	0.0000	1.0000	0						
307	NUTM2E_AD	NUTM2E	283008	AD	0.9785	0.0000	0.0000	0.1000	0.0000	0.0000	0.0000	0.0000	0.0000	1.0000	0						
307	RRP7A_AD	RRP7A	27341	AD	0.9785	0.0000	0.0000	0.1000	0.1619	0.0000	0.0000	0.0000	0.1619	0.5000	0	?Microcephaly 28, primary, autosomal recessive (OMIM:619453): Genu valgum (HP:0002857)-Sloping forehead (HP:0000340), 					
307	SCGB1C1_AD	SCGB1C1	147199	AD	0.9785	0.0000	0.0000	0.1000	0.0000	0.0000	0.0000	0.0000	0.0000	1.0000	0						
307	SPATA31F1_AD	SPATA31F1	259308	AD	0.9785	0.0000	0.0000	0.1000	0.0000	0.0000	0.0000	0.0000	0.0000	1.0000	0						
307	TMEM191C_AR	TMEM191C	645426	AR	0.9785	0.0000	0.0000	0.1000	0.0000	0.0000	0.0000	0.0000	0.0000	1.0000	0						
307	TRIM43B_AR	TRIM43B	653192	AR	0.9785	0.0000	0.0000	0.1000	0.0000	0.0000	0.0000	0.0000	0.0000	1.0000	0						
307	UBC_AR	UBC	7316	AR	0.9785	0.0000	0.0000	0.1000	0.0000	0.0000	0.0000	0.0000	0.0000	1.0000	0						
307	VILL_AD	VILL	50853	AD	0.9785	0.0000	0.0000	0.1000	0.0000	0.0000	0.0000	0.0000	0.0000	1.0000	0						
307	ZNF98_AD	ZNF98	148198	AD	0.9785	0.0000	0.0000	0.1000	0.0000	0.0000	0.0000	0.0000	0.0000	1.0000	0						
307	FBN3_AD	FBN3	84467	AD	0.9786	0.0000	0.0000	0.1000	0.0000	0.0000	0.0000	0.0000	0.0000	1.0000	0						
307	KATNIP_AD	KATNIP	23247	AD	0.9786	0.0000	0.0000	0.1000	0.3492	0.0000	0.0000	0.0000	0.3492	0.5000	0	Joubert syndrome (ORPHA:475): Patent ductus arteriosus (HP:0001643)-Situs inversus totalis (HP:0001696), Aortic root aneurysm (HP:0002616)-Abnormal cardiovascular system morphology (HP:0030680), Genu valgum (HP:0002857)-Hand polydactyly (HP:0001161), 					
307	NIPAL3_AD	NIPAL3	57185	AD	0.9786	0.0000	0.0000	0.1000	0.0000	0.0000	0.0000	0.0000	0.0000	1.0000	0						
307	PCDHA7_AD	PCDHA7	56141	AD	0.9786	0.0000	0.0000	0.1000	0.0000	0.0000	0.0000	0.0000	0.0000	1.0000	0						
307	SPMIP9_AD	SPMIP9	200523	AD	0.9786	0.0000	0.0000	0.1000	0.0000	0.0000	0.0000	0.0000	0.0000	1.0000	0						
307	PIWIL2_AD	PIWIL2	55124	AD	0.9786	0.0000	0.0000	0.1000	0.0000	0.0000	0.0000	0.0000	0.0000	1.0000	0						
307	TTC3_AD	TTC3	7267	AD	0.9786	0.0000	0.0000	0.0998	0.0000	0.0000	0.0000	0.0000	0.0000	1.0000	0						
307	MROH2A_AD	MROH2A	339766	AD	0.9787	0.0000	0.0000	0.0995	0.0000	0.0000	0.0000	0.0000	0.0000	1.0000	0						
307	PLEKHD1_AD	PLEKHD1	400224	AD	0.9787	0.0000	0.0000	0.0995	0.0000	0.0000	0.0000	0.0000	0.0000	1.0000	0						
307	TMEM63A_AD	TMEM63A	9725	AD	0.9787	0.0000	0.0000	0.0995	0.0000	0.0000	0.0000	0.0000	0.0000	1.0000	0						
307	FBN3_AR	FBN3	84467	AR	0.9787	0.0000	0.0000	0.0994	0.0000	0.0000	0.0000	0.0000	0.0000	1.0000	0						
307	PLEKHM2_AD	PLEKHM2	23207	AD	0.9787	0.0000	0.0000	0.0994	0.0000	0.0000	0.0000	0.0000	0.0000	1.0000	0						
307	ZNF792_AD	ZNF792	126375	AD	0.9787	0.0000	0.0000	0.0993	0.0000	0.0000	0.0000	0.0000	0.0000	1.0000	0						
307	RP1L1_AD	RP1L1	94137	AD	0.9787	0.0000	0.0000	0.0991	0.2446	0.0000	0.0000	0.0000	0.2446	1.0000	0	Retinitis pigmentosa (ORPHA:791): Patent ductus arteriosus (HP:0001643)-Abnormal retinal vascular morphology (HP:0008046), Aortic root aneurysm (HP:0002616)-Abnormal retinal vascular morphology (HP:0008046), 					
307	CFAP44_AD	CFAP44	55779	AD	0.9788	0.0000	0.0000	0.0989	0.0000	0.0000	0.0000	0.0000	0.0000	0.5000	0						
307	MXRA8_AD	MXRA8	54587	AD	0.9788	0.0000	0.0000	0.0988	0.0000	0.0000	0.0000	0.0000	0.0000	1.0000	0						
307	DIPK1C_AD	DIPK1C	125704	AD	0.9789	0.0000	0.0000	0.0986	0.0000	0.0000	0.0000	0.0000	0.0000	1.0000	0						
307	MUC5B_AR	MUC5B	727897	AR	0.9791	0.0000	0.0000	0.0974	0.2895	0.0000	0.0000	0.0000	0.2895	0.5000	0	Pulmonary fibrosis, idiopathic, susceptibility to (OMIM:178500): Patent ductus arteriosus (HP:0001643)-Pulmonary arterial hypertension (HP:0002092), Aortic root aneurysm (HP:0002616)-Pulmonary arterial hypertension (HP:0002092), Genu valgum (HP:0002857)-Clubbing of fingers (HP:0100759), 					
307	OTOP3_AR	OTOP3	347741	AR	0.9803	0.0000	0.0000	0.0921	0.0000	0.0000	0.0000	0.0000	0.0000	1.0000	0						
307	WASHC2C_AD	WASHC2C	253725	AD	0.9822	0.0000	0.0000	0.0830	0.0000	0.0000	0.0000	0.0000	0.0000	1.0000	0						
307	SPATA31F1_AR	SPATA31F1	259308	AR	0.9828	0.0000	0.0000	0.0805	0.0000	0.0000	0.0000	0.0000	0.0000	1.0000	0						
307	KIAA2026_AD	KIAA2026	158358	AD	0.9836	0.0000	0.0000	0.0762	0.0000	0.0000	0.0000	0.0000	0.0000	1.0000	0						
307	WASHC2C_AR	WASHC2C	253725	AR	0.9852	0.0000	0.0000	0.0691	0.0000	0.0000	0.0000	0.0000	0.0000	1.0000	0						
307	CLEC18B_AR	CLEC18B	497190	AR	0.9854	0.0000	0.0000	0.0680	0.0000	0.0000	0.0000	0.0000	0.0000	1.0000	0						
307	SCGB1C1_AR	SCGB1C1	147199	AR	0.9890	0.0000	0.0000	0.0515	0.0000	0.0000	0.0000	0.0000	0.0000	1.0000	0						
307	NUTM2A_AD	NUTM2A	728118	AD	0.9899	0.0000	0.0000	0.0470	0.0000	0.0000	0.0000	0.0000	0.0000	1.0000	0						
307	ZNF804B_AD	ZNF804B	219578	AD	0.9904	0.0000	0.0000	0.0448	0.0000	0.0000	0.0000	0.0000	0.0000	1.0000	0						
307	SMCO2_AD	SMCO2	341346	AD	0.9906	0.0000	0.0000	0.0438	0.0000	0.0000	0.0000	0.0000	0.0000	1.0000	0						
307	GOLGA8J_AD	GOLGA8J	653073	AD	0.9913	0.0000	0.0000	0.0401	0.0000	0.0000	0.0000	0.0000	0.0000	1.0000	0						
307	LRRC37B_AD	LRRC37B	114659	AD	0.9914	0.0000	0.0000	0.0400	0.0000	0.0000	0.0000	0.0000	0.0000	1.0000	0						
307	MROH2B_AD	MROH2B	133558	AD	0.9918	0.0000	0.0000	0.0380	0.0000	0.0000	0.0000	0.0000	0.0000	1.0000	0						
307	NUTM2F_AR	NUTM2F	54754	AR	0.9920	0.0000	0.0000	0.0370	0.0000	0.0000	0.0000	0.0000	0.0000	1.0000	0						
307	CASS4_AD	CASS4	57091	AD	0.9936	0.0000	0.0000	0.0297	0.0000	0.0000	0.0000	0.0000	0.0000	1.0000	0						
